단과대학(변경 후),학부(변경 후),전공(변경 후),"전공코드
(학과코드)","전공능력 
번호",전공능력/SPC,"진단문항
번호",전공능력진단문항(MYiCap+),비고,,,,,,
인문대학,,사학과,14190,1,역사자료 이해 및 분석,1,나는 역사자료와 사실에 대한 정보를 이해할 수 있다.,미술사·역사학전공 전공능력 통합(변경),,,,,,
인문대학,,사학과,14190,1,역사자료 이해 및 분석,2,나는 역자자료와 사실에 대한 정보를 분석·해석할 수 있다. ,미술사·역사학전공 전공능력 통합(변경),,,,,,
인문대학,,사학과,14190,1,역사자료 이해 및 분석,3,나는 역사자료와 사실에 대한 정보를 평가하여 명확하게 요약하고 종합할 수 있다.,미술사·역사학전공 전공능력 통합(변경),,,,,,
인문대학,,사학과,14190,2,문화콘텐츠의 이해와 활용,1,나는 다양한 시대의 문화콘텐츠에 대해 이해하고 있다. ,미술사·역사학전공 전공능력 통합(변경),,,,,,
인문대학,,사학과,14190,2,문화콘텐츠의 이해와 활용,2,나는 다양한 지역의 문화콘텐츠에 대해 이해하고 있다. ,미술사·역사학전공 전공능력 통합(변경),,,,,,
인문대학,,사학과,14190,2,문화콘텐츠의 이해와 활용,3,나는 다양한 문화콘텐츠를 활용할 수 있다. ,미술사·역사학전공 전공능력 통합(변경),,,,,,
인문대학,,사학과,14190,3,융합적 사고 및 전문지식 활용 ,1,나는 미술사 또는 역사적 전문지식을 이해하고 있다. ,미술사·역사학전공 전공능력 통합(변경),,,,,,
인문대학,,사학과,14190,3,융합적 사고 및 전문지식 활용 ,2,나는 미술사 또는 역사적 전문지식을 적용할 수 있다. ,미술사·역사학전공 전공능력 통합(변경),,,,,,
인문대학,,사학과,14190,3,융합적 사고 및 전문지식 활용 ,3,나는 미술사 또는 역사적 전문지식을 다른 분야의 현실적인 문제에 대해 통합적 관점을 가지고 유연하게 대응할 수 있다.,미술사·역사학전공 전공능력 통합(변경),,,,,,
인문대학,,미술사학과,14212,1,역사자료 이해 및 분석,1,나는 역사자료와 사실에 대한 정보를 이해할 수 있다.,미술사·역사학전공 전공능력 통합(변경),,,,,,
인문대학,,미술사학과,14212,1,역사자료 이해 및 분석,2,나는 역자자료와 사실에 대한 정보를 분석·해석할 수 있다. ,미술사·역사학전공 전공능력 통합(변경),,,,,,
인문대학,,미술사학과,14212,1,역사자료 이해 및 분석,3,나는 역사자료와 사실에 대한 정보를 평가하여 명확하게 요약하고 종합할 수 있다.,미술사·역사학전공 전공능력 통합(변경),,,,,,
인문대학,,미술사학과,14212,2,문화콘텐츠의 이해와 활용,1,나는 다양한 시대의 문화콘텐츠에 대해 이해하고 있다. ,미술사·역사학전공 전공능력 통합(변경),,,,,,
인문대학,,미술사학과,14212,2,문화콘텐츠의 이해와 활용,2,나는 다양한 지역의 문화콘텐츠에 대해 이해하고 있다. ,미술사·역사학전공 전공능력 통합(변경),,,,,,
인문대학,,미술사학과,14212,2,문화콘텐츠의 이해와 활용,3,나는 다양한 문화콘텐츠를 활용할 수 있다. ,미술사·역사학전공 전공능력 통합(변경),,,,,,
인문대학,,미술사학과,14212,3,융합적 사고 및 전문지식 활용 ,1,나는 미술사 또는 역사적 전문지식을 이해하고 있다. ,미술사·역사학전공 전공능력 통합(변경),,,,,,
인문대학,,미술사학과,14212,3,융합적 사고 및 전문지식 활용 ,2,나는 미술사 또는 역사적 전문지식을 적용할 수 있다. ,미술사·역사학전공 전공능력 통합(변경),,,,,,
인문대학,,미술사학과,14212,3,융합적 사고 및 전문지식 활용 ,3,나는 미술사 또는 역사적 전문지식을 다른 분야의 현실적인 문제에 대해 통합적 관점을 가지고 유연하게 대응할 수 있다.,미술사·역사학전공 전공능력 통합(변경),,,,,,
인문대학,,철학과,14240,1,"논리적,비판적사고및논증적토론",1,나는 논리를 활용하여 일상 및 학문 분야를 이해할 수 있다. ,,,,,,,
인문대학,,철학과,14240,1,"논리적,비판적사고및논증적토론",2,나는 상대방과 생산적으로 토론하고 문제를 해결할 수 있다.,,,,,,,
인문대학,,철학과,14240,1,"논리적,비판적사고및논증적토론",3,나는 논리적 비판적 사고와 논증적 토론에 기초하여 사회현상을 분석하고 콘텐츠를 기획할 수 있다.,,,,,,,
인문대학,,철학과,14240,2,철학적글쓰기,1,나는 논리적 사고에 대해 이해할 수 있다.,,,,,,,
인문대학,,철학과,14240,2,철학적글쓰기,2,나는 설득력 있는 논거를 만들 수 있다.,,,,,,,
인문대학,,철학과,14240,2,철학적글쓰기,3,나는 나의 주장을 논증적으로 구성하는 글을 쓸 수 있다.,,,,,,,
인문대학,,철학과,14240,3,철학콘텐츠해석,1,나는 철학 콘텐츠의 내용을 이해할 수 있다.,,,,,,,
인문대학,,철학과,14240,3,철학콘텐츠해석,2,나는 철학 콘텐츠 내용의 핵심을 통찰할 수 있다.,,,,,,,
인문대학,,철학과,14240,3,철학콘텐츠해석,3,나는 철학 콘텐츠의 내용을 자신의 관점에서 설명하고 서술할 수 있다.,,,,,,,
인문대학,,철학과,14240,4,사회문제의철학적대안모색,1,나는 철학이론을 이해하고 있다. ,,,,,,,
인문대학,,철학과,14240,4,사회문제의철학적대안모색,2,나는 통찰과 안목을 가지고 사회현상을 분석할 수 있다. ,,,,,,,
인문대학,,철학과,14240,4,사회문제의철학적대안모색,3,나는 사회문제를 진단하며 대안을 제시할 수 있다.,,,,,,,
인문대학,,철학과,14240,5,문화예술평론,1,"나는 미학적, 철학적 이론에 대해 이해하고 있다. ",,,,,,,
인문대학,,철학과,14240,5,문화예술평론,2,나는 이론에 기초하여 문화예술작품들을 분석할 수 있다. ,,,,,,,
인문대학,,철학과,14240,5,문화예술평론,3,나는 이론에 기초하여 문화예술작품들을 설명할 수 있다. ,,,,,,,
인문대학,,철학과,14240,6,철학상담,1,나는 세계와 인간에 대한 철학자들의 통찰이 담긴 철학적 개념을 이해하고 있다.,,,,,,,
인문대학,,철학과,14240,6,철학상담,2,나는 사유방식을 길잡이로 삶의 문제를 통찰할 수 있다.,,,,,,,
인문대학,,철학과,14240,6,철학상담,3,나는 삶의 문제를 내담자와 함께 탐구하며 도움을 줄 수 있다.,,,,,,,
인문대학,문예창작학과,문예창작학과,14250,1,창의적언어활용,1,나는 다양한 발상 방식과 상상력을 통해 시 창작과정을 설명할 수 있다.,,,,,,,
인문대학,문예창작학과,문예창작학과,14250,1,창의적언어활용,2,나는 창작물이 보여줄 수 있는 새로운 세계를 적극적으로 탐색하고 자신의 작품을 쓸 수 있다.,,,,,,,
인문대학,문예창작학과,문예창작학과,14250,1,창의적언어활용,3,"나는 자신의 작품을 완성하기 위해 한국 현대 중심으로 주목받는 언어, 감각, 사유, 미학적 특징을 탐구하여 실제 작품활동에 적용된 표현을 구체적으로 해석할 수 있다. ",,,,,,,
인문대학,문예창작학과,문예창작학과,14250,2,비판적해석,1,"나는 예술작품의 주제, 표현, 기술 등의 요인을 분석할 수 있다.",,,,,,,
인문대학,문예창작학과,문예창작학과,14250,2,비판적해석,2,나는 비평적 문제설정방법론을 설명할 수 있다. ,,,,,,,
인문대학,문예창작학과,문예창작학과,14250,2,비판적해석,3,"나는 자신의 지식, 판단, 경험 등을 근거로 작품을 평론할 수 있다.",,,,,,,
인문대학,문예창작학과,문예창작학과,14250,3,창작이론탐구와분석,1,나는 시와 소설 창작의 기본 요소와 현대 시와 소설의 흐름을 설명할 수 있다.,,,,,,,
인문대학,문예창작학과,문예창작학과,14250,3,창작이론탐구와분석,2,나는 극의 본래적 양식이 다양한 매체로 분화하는 과정에서 발생한 변화와 극의 중심 요소를 설명할 수 있다.,,,,,,,
인문대학,문예창작학과,문예창작학과,14250,3,창작이론탐구와분석,3,"나는 창조적인 시적 상상력이 무엇인지 이해하고, 문학 담론과 사회 현상들에 대해 설명할 수 있다.",,,,,,,
인문대학,문예창작학과,문예창작학과,14250,4,출판콘텐츠프로듀싱,1,나는 다양한 조사 등을 통해 독자가 원하는 출판물의 내용과 출판 시장 동향을 파악할 수 있다.,,,,,,,
인문대학,문예창작학과,문예창작학과,14250,4,출판콘텐츠프로듀싱,2,"나는 시장성, 타 출판물과의 차별성, 최근 경향을 고려해 출판물 기획안을 작성할 수 있다.",,,,,,,
인문대학,문예창작학과,문예창작학과,14250,4,출판콘텐츠프로듀싱,3,나는 적합한 작가를 섭외하고 집필된 원고를 검토할 수 있다.,,,,,,,
인문대학,문예창작학과,문예창작학과,14250,5,디지털콘텐츠프로듀싱,1,나는 방송 프로그램의 이야기 구조와 구현 방법을 설명하고 적용할 수 있다.,,,,,,,
인문대학,문예창작학과,문예창작학과,14250,5,디지털콘텐츠프로듀싱,2,"나는 스토리텔링 기초 이론을 바탕으로 문학작품, 영화, 드라마, 게임, 웹툰, 애니메이션의 플롯과 캐릭터 등 이야기 구조를 파악, 분석, 비평할 수 있다.",,,,,,,
인문대학,문예창작학과,문예창작학과,14250,5,디지털콘텐츠프로듀싱,3,"나는 디지털 콘텐츠 기획을 위해 주제를 수집하고, 이를 기반으로 주제와 내용을 정리해 세부적인 대사, 출연진, 촬영구도 등을 직접 기획, 구성할 수 있다.",,,,,,,
인문대학,아시아·중동어문학부,중어중문학전공,14411,1,중국언어학의이해및응용,1,"나는 중국의 언어, 역사, 문화에 대한 이론적인 지식을 습득하고 이해할 수 있다.",,,,,,,
인문대학,아시아·중동어문학부,중어중문학전공,14411,1,중국언어학의이해및응용,2,나는 이론적인 지식을 활용하여 중국어를 체계적으로 이해하고 분석할 수 있다.,,,,,,,
인문대학,아시아·중동어문학부,중어중문학전공,14411,1,중국언어학의이해및응용,3,"나는 한자라는 언어의 특징과 기원, 구조, 형태, 발전에 대하여 설명하고, 내포된 문화를 분석할 수 있다.",,,,,,,
인문대학,아시아·중동어문학부,중어중문학전공,14411,2,중국어의사소통,1,나는 중국어로 화자가 전달하고자 하는 내용을 듣고 이해해 요약할 수 있다.,,,,,,,
인문대학,아시아·중동어문학부,중어중문학전공,14411,2,중국어의사소통,2,나는 현지인과 의사소통이 가능한 수준의 회화스킬을 사용하고 자연스럽게 대화를 나눌 수 있다.,,,,,,,
인문대학,아시아·중동어문학부,중어중문학전공,14411,2,중국어의사소통,3,나는 중국어를 작문 및 중국어 원문을 읽고 해석할 수 있다.,,,,,,,
인문대학,아시아·중동어문학부,중어중문학전공,14411,3,중국사회와문화이해,1,"나는 중국의 트렌드, 비즈니스 문화, 식사 예절, 음주 예법, 대중음악 등에 대해 설명할 수 있다.",,,,,,,
인문대학,아시아·중동어문학부,중어중문학전공,14411,3,중국사회와문화이해,2,"나는 영화, 드라마, SNS 등 중화권의 다양한 콘텐츠를 직접 체험해 보고 그 속에 반영된 중국 사회와 문화의 특징을 종합적으로 설명할 수 있다.",,,,,,,
인문대학,아시아·중동어문학부,중어중문학전공,14411,3,중국사회와문화이해,3,나는 중국과 중국인에 대한 명확한 인식에 기반해 현대 중국의 실상과 당면과제 등을 명확하게 설명할 수 있다.,,,,,,,
인문대학,아시아·중동어문학부,중어중문학전공,14411,4,중국문학및문헌분석,1,"나는 중국문학을 총체적인 시각으로 설명하고, 중국과 한국의 차이점을 비교할 수 있다.",,,,,,,
인문대학,아시아·중동어문학부,중어중문학전공,14411,4,중국문학및문헌분석,2,"나는 중국의 저명한 시와 노랫말을 해석하고, 감상 및 비평할 수 있다",,,,,,,
인문대학,아시아·중동어문학부,중어중문학전공,14411,4,중국문학및문헌분석,3,나는 중국 고대명문 학습을 통해 고대 어법과 고문에 대해 설명할 수 있다.,,,,,,,
인문대학,아시아·중동어문학부,중어중문학전공,14411,5,중국어실무,1,나는 중국어 실무와 관련된 문건을 이해하고 자연스럽게 번역할 수 있다.,,,,,,,
인문대학,아시아·중동어문학부,중어중문학전공,14411,5,중국어실무,2,나는 중국어 실무와 관련된 회화를 현지인과 무리 없이 진행할 수 있다.,,,,,,,
인문대학,아시아·중동어문학부,중어중문학전공,14411,5,중국어실무,3,나는 다양한 비즈니스 상황에 맞는 실무적인 어휘를 습득하고 활용할 수 있다.,,,,,,,
인문대학,아시아·중동어문학부,일어일문학전공,14412,1,인문콘텐츠기획,1,"나는 일본의 인문콘텐츠분야(애니메이션, 문학, 비문학 등)를 이해하고 있다.",,,,,,,
인문대학,아시아·중동어문학부,일어일문학전공,14412,1,인문콘텐츠기획,2,나는 일본의 인문콘텐츠분야를 선정하고 계획과 전략을 수립할 수 있다.,,,,,,,
인문대학,아시아·중동어문학부,일어일문학전공,14412,1,인문콘텐츠기획,3,나는 일본의 인문콘텐츠분야에 대해 번역 및 분석 업무를 수행할 수 있다.,,,,,,,
인문대학,아시아·중동어문학부,일어일문학전공,14412,2,인문콘텐츠제작,1,나는 일본의 각종 인문콘텐츠매체에 대해 이해하고 있다.,,,,,,,
인문대학,아시아·중동어문학부,일어일문학전공,14412,2,인문콘텐츠제작,2,나는 적합한 일본의 인문콘텐츠를 발굴할 수 있다.,,,,,,,
인문대학,아시아·중동어문학부,일어일문학전공,14412,2,인문콘텐츠제작,3,나는 일본의 인문콘텐츠를 기획ㆍ제작하고 관리할 수 있다.,,,,,,,
인문대학,아시아·중동어문학부,아랍지역학전공,14413,1,국제교류,1,나는 세계화 시대에 세계인과 공유할 수 있는 한국 고유의 인문학적 가치에 대해 이해하고 있다.,,,,,,,
인문대학,아시아·중동어문학부,아랍지역학전공,14413,1,국제교류,2,나는 세계화 시대에 세계인과 공유할 수 있는 한국 고유의 인문학적 가치를 재발견할 수 있다.,,,,,,,
인문대학,아시아·중동어문학부,아랍지역학전공,14413,1,국제교류,3,나는 중동 지역에서 한국 문화의 우수성을 효과적으로 홍보할 수 있다.,,,,,,,
인문대학,아시아·중동어문학부,아랍지역학전공,14413,2,통상실무,1,나는 인문학 지식과 문화콘텐츠에 이해하고 있다.,,,,,,,
인문대학,아시아·중동어문학부,아랍지역학전공,14413,2,통상실무,2,나는 인문학 지식과 문화콘텐츠를 현지인의 문화 코드에 적용할 수 있다.,,,,,,,
인문대학,아시아·중동어문학부,아랍지역학전공,14413,2,통상실무,3,나는 인문학 지식과 문화콘텐츠를 현지인의 문화 코드에 맞는 상품의 기획･홍보･마케팅･수출할 수 있다.,,,,,,,
인문대학,아시아·중동어문학부,아랍지역학전공,14413,3,문화소통,1,"나는 아랍어를 기반으로 중동 25개국의 정치, 경제, 사회, 문화를 이해할 수 있다.",,,,,,,
인문대학,아시아·중동어문학부,아랍지역학전공,14413,3,문화소통,2,나는 아랍어를 기반으로 현지 지역학과 인문학적 소양을 갖출 수 있다.,,,,,,,
인문대학,아시아·중동어문학부,아랍지역학전공,14413,3,문화소통,3,나는 아랍어를 기반으로 현지인과 소통할 수 있다.,,,,,,,
인문대학,아시아·중동어문학부,글로벌한국어학전공,14414,1,한국어 소통,1,"나는 한국어로 작성된 다양한 텍스트를 읽고, 해석할 수 있다.",,,,,,,
인문대학,아시아·중동어문학부,글로벌한국어학전공,14414,1,한국어 소통,2,나는 한국어로 문장과 글을 쓸 수 있다.,,,,,,,
인문대학,아시아·중동어문학부,글로벌한국어학전공,14414,1,한국어 소통,3,나는 한국어의 어휘와 표현을 익히고 습득하여 활용할 수 있다.,,,,,,,
인문대학,아시아·중동어문학부,글로벌한국어학전공,14414,2,한국 문화 콘텐츠의 이해,1,나는 한국 문학의 전반적인 흐름과 시기별 특징에 관해 설명할 수 있다.,,,,,,,
인문대학,아시아·중동어문학부,글로벌한국어학전공,14414,2,한국 문화 콘텐츠의 이해,2,나는 한국의 노래와 같은 다양한 한국의 콘텐츠를 접하고 그 속에 있는 한국 문화의 특수성을 분석할 수 있다.,,,,,,,
인문대학,아시아·중동어문학부,글로벌한국어학전공,14414,2,한국 문화 콘텐츠의 이해,3,나는 한국의 전통 문화와 현대 문화의 특징을 이해하고 그 속에 담긴 한국문화를 비평할 수 있다.,,,,,,,
인문대학,아시아·중동어문학부,글로벌한국어학전공,14414,3,한국어 탐구,1,"나는 한국어의 어문 규범과 문법의 여러 이론을 이해하고, 한국어 자체의 분석을 통해 발생하는 개별 언어 현상에 이론을 적용할 수 있다.",,,,,,,
인문대학,아시아·중동어문학부,글로벌한국어학전공,14414,3,한국어 탐구,2,나는 한국어 연구와 한국어 교육의 개념과 방법론을 익히고 한국어만의 특수성을 구별할 수 있다.,,,,,,,
인문대학,아시아·중동어문학부,글로벌한국어학전공,14414,3,한국어 탐구,3,나는 한국어와 다른 언어들과의 유사성과 차이점을 분석할 수 있다.,,,,,,,
인문대학,아시아·중동어문학부,글로벌한국어학전공,14414,4,한국어 교육·활용,1,"나는 한국어 문법, 발음, 표현, 한자, 어휘 등을 가르치기 위한 이론을 이해하고, 이를 실제로 적용할 수 있다.",,,,,,,
인문대학,아시아·중동어문학부,글로벌한국어학전공,14414,4,한국어 교육·활용,2,나는 한국어 교육과정을 설계하고 개발하여 한국어 교재를 제작할 수 있다.,,,,,,,
인문대학,아시아·중동어문학부,글로벌한국어학전공,14414,4,한국어 교육·활용,3,나는 다른 외국인들을 대상으로 실제로 한국어를 가르칠 수 있다.,,,,,,,
인문대학,인문콘텐츠학부,국어국문학전공,14421,1,인간문화이해,1,나는 언어화된 문화 활동을 학습함으로써 인간과 사회의 보편적 속성에 대해 이해할 수 있다.,,,,,,,
인문대학,인문콘텐츠학부,국어국문학전공,14421,1,인간문화이해,2,나는 언어화된 문화 활동을 학습함으로써 우리 민족의 특수성에 대해 알 수 있다.,,,,,,,
인문대학,인문콘텐츠학부,국어국문학전공,14421,1,인간문화이해,3,나는 언어화된 문화 활동을 학습함으로써 사회 문화 활동의 주체로서 지녀야 할 기본 자질을 갖출 수 있다.,,,,,,,
인문대학,인문콘텐츠학부,국어국문학전공,14421,2,콘텐츠분석과해석,1,나는 언어문화 콘텐츠를 분석·해석하는 과정에 대해 이해하고 있다.,,,,,,,
인문대학,인문콘텐츠학부,국어국문학전공,14421,2,콘텐츠분석과해석,2,나는 언어문화 콘텐츠를 분석·해석하는 방법을 적용할 수 있다.,,,,,,,
인문대학,인문콘텐츠학부,국어국문학전공,14421,2,콘텐츠분석과해석,3,나는 언어문화 콘텐츠에 대해 논리적 사고를 통해 객관적 비판을 할 수 있다.,,,,,,,
인문대학,인문콘텐츠학부,국어국문학전공,14421,3,언어활동,1,나는 한국어의 기본 구조와 체계를 이해하고 있다.,,,,,,,
인문대학,인문콘텐츠학부,국어국문학전공,14421,3,언어활동,2,나는 상황에 따른 언어 구사를 할 수 있다.,,,,,,,
인문대학,인문콘텐츠학부,국어국문학전공,14421,3,언어활동,3,나는 언어활동에 대한 자기 판단과 수정을 할 수 있다.,,,,,,,
인문대학,인문콘텐츠학부,국어국문학전공,14421,4,언어교육과탐구,1,나는 언어교육의 내용과 방법을 이해하고 교육에 적용할 수 있다.,신설,,,,,,
인문대학,인문콘텐츠학부,국어국문학전공,14421,4,언어교육과탐구,2,"나는 언어교육의 대상이 되는 학습자의 인지적, 정의적 측면을 이해하고 체계적으로 분석할 수 있다.",신설,,,,,,
인문대학,인문콘텐츠학부,국어국문학전공,14421,4,언어교육과탐구,3,나는 한국어를 비롯한 여러 언어를 탐구하여 언어의 보편성과 특수성을 이해하고 이를 설명할 수 있다.,신설,,,,,,
인문대학,인문콘텐츠학부,영어영문학전공,14422,1,영어소통,1,나는 영어 중상급 수준의 어휘와 문법이 사용된 대화를 듣고 주제와 의도를 파악할 수 있다.,,,,,,,
인문대학,인문콘텐츠학부,영어영문학전공,14422,1,영어소통,2,나는 영어로 쓰여진 다양한 텍스트를 읽고 그 내용과 주제를 설명할 수 있다.,,,,,,,
인문대학,인문콘텐츠학부,영어영문학전공,14422,1,영어소통,3,"나는 영어로 자신의 생각을 대화, 담화, 연설 등 다양한 형식으로 청자에게 전달할 수 있다.",,,,,,,
인문대학,인문콘텐츠학부,영어영문학전공,14422,2,영어의언어학적이해및응용,1,"나는 언어과학적인 관점에서 영어를 분석하고, 인간활동에서 언어의 역할을 설명할 수 있다.",,,,,,,
인문대학,인문콘텐츠학부,영어영문학전공,14422,2,영어의언어학적이해및응용,2,"나는 영어의 기초적인 음성, 음운, 형태, 구문, 의미 등을 분석하고 설명할 수 있다.",,,,,,,
인문대학,인문콘텐츠학부,영어영문학전공,14422,2,영어의언어학적이해및응용,3,나는 고급 수준의 영어 문법을 통사론적 관점을 접목하여 설명할 수 있다.,,,,,,,
인문대학,인문콘텐츠학부,영어영문학전공,14422,3,영미문학의이해및응용,1,나는 영어영문학을 학습하기 위해 필요한 기초용어와 문학형식을 설명할 수 있다.,,,,,,,
인문대학,인문콘텐츠학부,영어영문학전공,14422,3,영미문학의이해및응용,2,"나는 영미 문학작품을 비판적으로 읽고 그 속에 담긴 사회적, 역사적, 문화적 배경을 설명할 수 있다.",,,,,,,
인문대학,인문콘텐츠학부,영어영문학전공,14422,3,영미문학의이해및응용,3,나는 영미문학작품을 읽고 그 작품의 사회·문화적 배경 및 비평이론에 근거해 비평할 수 있다.,,,,,,,
인문대학,인문콘텐츠학부,영어영문학전공,14422,4,영어교육,1,나는 영어 학습법 대한 기초 이론을 설명할 수 있다.,,,,,,,
인문대학,인문콘텐츠학부,영어영문학전공,14422,4,영어교육,2,나는 영어 교수법에 대한 기초 이론을 적용할 수 있다.,,,,,,,
인문대학,인문콘텐츠학부,영어영문학전공,14422,4,영어교육,3,나는 학생 개인의 요구에 부응하는 영어 교수법을 개발하고 발전시킬 수 있다.,,,,,,,
인문대학,인문콘텐츠학부,영어영문학전공,14422,5,영어실무,1,나는 ICT 정보를 제공하는 영어 원문을 읽고 이해할 수 있다.,,,,,,,
인문대학,인문콘텐츠학부,영어영문학전공,14422,5,영어실무,2,"나는 비즈니스 상황에서 영어로 말하고, 듣고, 읽고, 쓸 수 있다.",,,,,,,
인문대학,인문콘텐츠학부,영어영문학전공,14422,5,영어실무,3,"나는 뉴스, 잡지 기사 등에 실린 시사적인 글을 읽고 그 배경 및 시사점 등에 대해 설명할 수 있다.",,,,,,,
인문대학,인문콘텐츠학부,미술사·역사학전공,14423,1,역사자료 이해 및 분석,1,나는 역사자료와 사실에 대한 정보를 이해할 수 있다.,"신설(미술사학과, 사학과 통합)",,,,,,
인문대학,인문콘텐츠학부,미술사·역사학전공,14423,1,역사자료 이해 및 분석,2,나는 역자자료와 사실에 대한 정보를 분석·해석할 수 있다. ,"신설(미술사학과, 사학과 통합)",,,,,,
인문대학,인문콘텐츠학부,미술사·역사학전공,14423,1,역사자료 이해 및 분석,3,나는 역사자료와 사실에 대한 정보를 평가하여 명확하게 요약하고 종합할 수 있다.,"신설(미술사학과, 사학과 통합)",,,,,,
인문대학,인문콘텐츠학부,미술사·역사학전공,14423,2,문화콘텐츠의 이해와 활용,1,나는 다양한 시대의 문화콘텐츠에 대해 이해하고 있다. ,"신설(미술사학과, 사학과 통합)",,,,,,
인문대학,인문콘텐츠학부,미술사·역사학전공,14423,2,문화콘텐츠의 이해와 활용,2,나는 다양한 지역의 문화콘텐츠에 대해 이해하고 있다. ,"신설(미술사학과, 사학과 통합)",,,,,,
인문대학,인문콘텐츠학부,미술사·역사학전공,14423,2,문화콘텐츠의 이해와 활용,3,나는 다양한 문화콘텐츠를 활용할 수 있다. ,"신설(미술사학과, 사학과 통합)",,,,,,
인문대학,인문콘텐츠학부,미술사·역사학전공,14423,3,융합적 사고 및 전문지식 활용 ,1,나는 미술사 또는 역사적 전문지식을 이해하고 있다. ,"신설(미술사학과, 사학과 통합)",,,,,,
인문대학,인문콘텐츠학부,미술사·역사학전공,14423,3,융합적 사고 및 전문지식 활용 ,2,나는 미술사 또는 역사적 전문지식을 적용할 수 있다. ,"신설(미술사학과, 사학과 통합)",,,,,,
인문대학,인문콘텐츠학부,미술사·역사학전공,14423,3,융합적 사고 및 전문지식 활용 ,3,나는 미술사 또는 역사적 전문지식을 다른 분야의 현실적인 문제에 대해 통합적 관점을 가지고 유연하게 대응할 수 있다.,"신설(미술사학과, 사학과 통합)",,,,,,
인문대학,인문콘텐츠학부,문헌정보학전공,14424,1,문헌정보지식탐구,1,"나는 다양한 매체의 문헌정보를 생성, 수집하기 위한 이론을 이해하고 있다. ",,,,,,,
인문대학,인문콘텐츠학부,문헌정보학전공,14424,1,문헌정보지식탐구,2,나는 다양한 매체의 문헌정보를 조직하기 위한 이론을 이해할 수 있다.,,,,,,,
인문대학,인문콘텐츠학부,문헌정보학전공,14424,1,문헌정보지식탐구,3,나는 다양한 매체의 문헌정보를 보존 및 제공하기 위한 이론을 이해할 수 있다. ,,,,,,,
인문대학,인문콘텐츠학부,문헌정보학전공,14424,2,문헌정보및정보센터실무수행,1,"나는 다양한 매체의 문헌정보를 생성, 수집, 조직, 보존 및 제공하는 도서관 및 정보센터 업무를 이해하고 있다.",,,,,,,
인문대학,인문콘텐츠학부,문헌정보학전공,14424,2,문헌정보및정보센터실무수행,2,"나는 다양한 매체의 문헌정보를 생성, 수집, 조직, 보존 및 제공하는 도서관 및 정보센터 업무를 적용할 수 있다.",,,,,,,
인문대학,인문콘텐츠학부,문헌정보학전공,14424,2,문헌정보및정보센터실무수행,3,"나는 다양한 매체의 문헌정보를 생성, 수집, 조직, 보존 및 제공하는 도서관 및 정보센터 업무를 수행할 수 있다.",,,,,,,
인문대학,인문콘텐츠학부,문헌정보학전공,14424,3,문헌정보응용,1,나는 다양한 매체의 문헌정보를 유관 분야를 이해하고 있다.,,,,,,,
인문대학,인문콘텐츠학부,문헌정보학전공,14424,3,문헌정보응용,2,나는 다양한 매체의 문헌정보를 유관 분야를 조사하고 분석할 수 있다.,,,,,,,
인문대학,인문콘텐츠학부,문헌정보학전공,14424,3,문헌정보응용,3,나는 다양한 매체의 문헌정보를 유관 분야와 융복합하고 응용할 수 있다. ,,,,,,,
인문대학,인문콘텐츠학부,문헌정보학전공,14424,4,문헌정보진로실행,1,나는 세미나 및 실습 등을 통해 문헌정보 관련 분야의 진로를 이해할 수 있다.,,,,,,,
인문대학,인문콘텐츠학부,문헌정보학전공,14424,4,문헌정보진로실행,2,나는 세미나 및 실습 등을 통해 문헌정보 관련 분야의 진로를 선택할 수 있다.,,,,,,,
인문대학,인문콘텐츠학부,문헌정보학전공,14424,4,문헌정보진로실행,3,나는 세미나 및 실습 등을 통해 문헌정보 관련 분야의 진로를 체계적으로 준비할 수 있다.,,,,,,,
사회과학대학,공공인재학부,행정학전공,16471,1,정책및사업기획,1,나는 연구·조사를 통해 정책을 이해할 수 있다. ,,,,,,,
사회과학대학,공공인재학부,행정학전공,16471,1,정책및사업기획,2,나는 분석을 통해 정책을 제안할 수 있다.,,,,,,,
사회과학대학,공공인재학부,행정학전공,16471,1,정책및사업기획,3,나는 정책 관련 사업을 기획할 수 있다.,,,,,,,
사회과학대학,공공인재학부,행정학전공,16471,2,운영및집행,1,나는 정책 및 사업계획에 따른 행정 실무에 대해 이해하고 있다.,,,,,,,
사회과학대학,공공인재학부,행정학전공,16471,2,운영및집행,2,나는 정책 및 사업계획에 따른 행정 실무를 집행할 수 있다. ,,,,,,,
사회과학대학,공공인재학부,행정학전공,16471,2,운영및집행,3,나는 정책 및 사업계획에 따른 행사를 운영할 수 있다.,,,,,,,
사회과학대학,공공인재학부,행정학전공,16471,3,관리및평가,1,나는 정책 및 사업 운영에 필요한 인력 및 예산관리에 대해 이해하고 있다. ,,,,,,,
사회과학대학,공공인재학부,행정학전공,16471,3,관리및평가,2,나는 정책 및 사업 운영에 필요한 인력 및 예산을 관리할 수 있다. ,,,,,,,
사회과학대학,공공인재학부,행정학전공,16471,3,관리및평가,3,나는 정책 및 사업 운영 사후평가를 통해 의미 있는 제안을 할 수 있다.,,,,,,,
사회과학대학,공공인재학부,정치외교학전공,16472,1,정치외교현상조사분석,1,나는 정치외교 전반의 내용을 폭넓게 이해하고 있다. ,,,,,,,
사회과학대학,공공인재학부,정치외교학전공,16472,1,정치외교현상조사분석,2,"나는 정치외교를 수행하기 위한 지식 기량을 바탕으로 조사, 분석, 관리를 할 수 있다.",,,,,,,
사회과학대학,공공인재학부,정치외교학전공,16472,1,정치외교현상조사분석,3,"나는 정치외교를 수행하기 위한 지식 기량을 바탕으로 조사, 분석, 관리의 절차를 문서화 할 수 있다.",,,,,,,
사회과학대학,공공인재학부,정치외교학전공,16472,2,의사소통,1,나는 지식이나 정보 정리와 재구성에 대해 이해하고 있다.,,,,,,,
사회과학대학,공공인재학부,정치외교학전공,16472,2,의사소통,2,나는 정보를 분석·고찰할 수 있다.,,,,,,,
사회과학대학,공공인재학부,정치외교학전공,16472,2,의사소통,3,나는 정보를 분석·고찰한 결과를 자신의 생각이나 문제의식과 함께 정확한 외국어로 표현할 수 있다.,,,,,,,
사회과학대학,경상·통계학부,경제학전공,16481,1,데이터분석,1,"나는 경제, 금융, 후생, 의료 관련 데이터나 빅데이터를 수집하고 이해할 수 있다. ",,,,,,,
사회과학대학,경상·통계학부,경제학전공,16481,1,데이터분석,2,나는 통계․계량경제학적 방법론 또는 머신러닝 기법으로 데이터를 분석할 수 있다. ,,,,,,,
사회과학대학,경상·통계학부,경제학전공,16481,1,데이터분석,3,"나는 주요 변수를 예측하며, 관련 시장을 전망할 수 있다.",,,,,,,
사회과학대학,경상·통계학부,경제학전공,16481,2,자금운용계획,1,나는 데이터 분석을 통한 자금운용에 대해 이해할 수 있다.,,,,,,,
사회과학대학,경상·통계학부,경제학전공,16481,2,자금운용계획,2,나는 데이터 분석 결과를 정리할 수 있다.,,,,,,,
사회과학대학,경상·통계학부,경제학전공,16481,2,자금운용계획,3,나는 데이터 분석 결과에 기반하여 자금운용계획을 수립할 수 있다.,,,,,,,
사회과학대학,경상·통계학부,경제학전공,16481,3,자금운용,1,나는 자금운용 계획을 이해할 수 있다.,,,,,,,
사회과학대학,경상·통계학부,경제학전공,16481,3,자금운용,2,나는 자금을 관리하고 운용할 수 있다.,,,,,,,
사회과학대학,경상·통계학부,경제학전공,16481,3,자금운용,3,나는 자금운용 리스크를 통제할 수 있다.,,,,,,,
사회과학대학,경상·통계학부,경제학전공,16481,4,결산및분석평가,1,나는 기업의 경영 성과를 측정에 대해 이해하고 있다. ,,,,,,,
사회과학대학,경상·통계학부,경제학전공,16481,4,결산및분석평가,2,나는 기업의 경영 성과를 결산할 수 있다. ,,,,,,,
사회과학대학,경상·통계학부,경제학전공,16481,4,결산및분석평가,3,나는 기업의 경영 성과를 분석평가할 수 있다.,,,,,,,
사회과학대학,법학과,법학과,16490,1,법률지식적용,1,나는 법지식을 이해하고 있다. 적용하여 법적 문제의 본질과 핵심을 파악할 수 있다. ,,,,,,,
사회과학대학,법학과,법학과,16490,1,법률지식적용,2,나는 법지식을 적용할 수 있다. ,,,,,,,
사회과학대학,법학과,법학과,16490,1,법률지식적용,3,나는 법적 문제의 본질과 핵심을 파악할 수 있다. ,,,,,,,
사회과학대학,법학과,법학과,16490,2,법률적논의,1,나는 법률적 쟁점에 대해 이해하고 있다. ,,,,,,,
사회과학대학,법학과,법학과,16490,2,법률적논의,2,나는 법률적 쟁점의 핵심을 파악할 수 있다.,,,,,,,
사회과학대학,법학과,법학과,16490,2,법률적논의,3,나는 쟁점 파악을 위한 효과적인 질문과 설명을 할 수 있다.,,,,,,,
사회과학대학,법학과,법학과,16490,3,법률적추론적용,1,나는 논리적 추론에 대해 이해하고 있다. ,,,,,,,
사회과학대학,법학과,법학과,16490,3,법률적추론적용,2,나는 논리적 추론에 근거하여 법적 결론을 도출할 수 있다.,,,,,,,
사회과학대학,법학과,법학과,16490,3,법률적추론적용,3,나는 법적 결론을 법률적 문서로 작성할 수 있다. ,,,,,,,
미디어·휴먼라이프대학,청소년지도·아동학부,청소년지도학전공,14611,1,청소년지도에대한지식탐구,1,나는 청소년 사업에 대해 이해하고 있다. ,,,,,,,
미디어·휴먼라이프대학,청소년지도·아동학부,청소년지도학전공,14611,1,청소년지도에대한지식탐구,2,나는 청소년 활동 전반에 대한 이론을 파악할 수 있다.,,,,,,,
미디어·휴먼라이프대학,청소년지도·아동학부,청소년지도학전공,14611,1,청소년지도에대한지식탐구,3,나는 청소년 프로그램을 활동에 적용할 수 있다.,,,,,,,
미디어·휴먼라이프대학,청소년지도·아동학부,청소년지도학전공,14611,2,청소년에대한문제해결,1,"나는 청소년에 대한 생활·안전·위생 및 위기지원, 상담에 대해 이해하고 있다.",,,,,,,
미디어·휴먼라이프대학,청소년지도·아동학부,청소년지도학전공,14611,2,청소년에대한문제해결,2,나는 청소년에게 발생할 수 있는 문제를 파악할 수 있다. ,,,,,,,
미디어·휴먼라이프대학,청소년지도·아동학부,청소년지도학전공,14611,2,청소년에대한문제해결,3,나는 청소년에게 발생할 수 있는 문제에 대한 해결안을 마련하고 지원할 수 있다.,,,,,,,
미디어·휴먼라이프대학,청소년지도·아동학부,청소년지도학전공,14611,3,청소년과의상생공감,1,나는 청소년 프로그램 및 지원에 대해 이해하고 있다.,,,,,,,
미디어·휴먼라이프대학,청소년지도·아동학부,청소년지도학전공,14611,3,청소년과의상생공감,2,나는 청소년 프로그램 및 지원을 통해 상호 간의 공감대를 형성할 수 있다.,,,,,,,
미디어·휴먼라이프대학,청소년지도·아동학부,청소년지도학전공,14611,3,청소년과의상생공감,3,나는 상호 간의 공감대를 형성하고 성장 기반을 조성할 수 있다.,,,,,,,
미디어·휴먼라이프대학,청소년지도·아동학부,청소년지도학전공,14611,4,청소년지도학과의창의융복합,1,나는 청소년 활동 현장의 요구에 대해 이해하고 있다.,,,,,,,
미디어·휴먼라이프대학,청소년지도·아동학부,청소년지도학전공,14611,4,청소년지도학과의창의융복합,2,나는 청소년 활동 현장의 요구를 반영한 청소년 지도 유관 분야를 파악하고 있다.,,,,,,,
미디어·휴먼라이프대학,청소년지도·아동학부,청소년지도학전공,14611,4,청소년지도학과의창의융복합,3,나는 청소년 활동 현장의 요구를 반영한 청소년 지도 유관 분야와의 융복합을 할 수 있다.,,,,,,,
미디어·휴먼라이프대학,청소년지도·아동학부,아동학전공,14612,1,영유아교육,1,나는 영유아의 놀이와 발달에 대한 관찰을 이해하고 있다.,전공능력명 및 진단문항 수정,,,,,,
미디어·휴먼라이프대학,청소년지도·아동학부,아동학전공,14612,1,영유아교육,2,나는 영유아의 놀이와 발달을 관찰하여 그 결과를 바탕으로 놀이를 지원할 수 있다.,전공능력명 및 진단문항 수정,,,,,,
미디어·휴먼라이프대학,청소년지도·아동학부,아동학전공,14612,1,영유아교육,3,"나는 영유아의 놀이와 발달을 지원하기 위해 영유아육기관, 가정, 지역사회가 협력하는 프로그램을 기획할 수 있다.",전공능력명 및 진단문항 수정,,,,,,
미디어·휴먼라이프대학,청소년지도·아동학부,아동학전공,14612,2,아동가족상담이해,1,나는 아동의 심리사회적 어려움 지원 및 건강한 성장을 위해 아동과 가족에 대한 상담이론에 대해 이해하고 있다.,진단문항 수정,,,,,,
미디어·휴먼라이프대학,청소년지도·아동학부,아동학전공,14612,2,아동가족상담이해,2,나는 아동의 심리사회적 어려움 지원 및 건강한 성장을 위해 아동과 가족에 대한 상담 방법을 계획할 수 있다.,진단문항 수정,,,,,,
미디어·휴먼라이프대학,청소년지도·아동학부,아동학전공,14612,2,아동가족상담이해,3,나는 아동의 심리사회적 어려움 지원 및 건강한 성장을 위해 아동과 가족에 대한 상담 방법을 실행할 수 있다.,진단문항 수정,,,,,,
미디어·휴먼라이프대학,청소년지도·아동학부,아동학전공,14612,3,아동발달지원,1,나는 아동의 발달의 개인차를 이해하고 있다. ,진단문항 수정,,,,,,
미디어·휴먼라이프대학,청소년지도·아동학부,아동학전공,14612,3,아동발달지원,2,나는 발달적으로 어려움을 겪는 아동을 관찰한 후 지원 내용과 방법을 계획할 수 있다. ,진단문항 수정,,,,,,
미디어·휴먼라이프대학,청소년지도·아동학부,아동학전공,14612,3,아동발달지원,3,나는 아동의 발달을 지원하는 내용과 방법을 결정하여 지원할 수 있다.,진단문항 수정,,,,,,
미디어·휴먼라이프대학,청소년지도·아동학부,아동학전공,14612,4,아동복지실천,1,"나는 아동의 행복과 균형 있는 성장을 위하여 아동과 가족, 관련자를 대상으로 상담 및 교육서비스, 아동권리보장, 지역사회 연계 아동복지프로그램에 대해 이론적으로 이해하고 있다.",진단문항 수정,,,,,,
미디어·휴먼라이프대학,청소년지도·아동학부,아동학전공,14612,4,아동복지실천,2,"나는 아동의 행복과 균형 있는 성장을 위하여 아동과 가족, 관련자를 대상으로 상담 및 교육서비스, 아동권리보장, 지역사회 연계 아동복지프로그램을 계획할 수 있다.",진단문항 수정,,,,,,
미디어·휴먼라이프대학,청소년지도·아동학부,아동학전공,14612,4,아동복지실천,3,"나는 아동의 행복과 균형 있는 성장을 위하여 아동과 가족, 관련자를 대상으로 상담 및 교육서비스, 아동권리보장, 지역사회 연계 아동복지프로그램을 실행할 수 있다.",진단문항 수정,,,,,,
미디어·휴먼라이프대학,디지털미디어학부,디지털미디어학부,14620,1,디지털콘텐츠기획,1,나는 디지털콘텐츠의 지속적인 부가가치를 높이기 위해 시장의 트렌드를 이해할 수 있다. ,,,,,,,
미디어·휴먼라이프대학,디지털미디어학부,디지털미디어학부,14620,1,디지털콘텐츠기획,2,나는 이용자 분석을 반영하여 디지털콘텐츠 분야를 선정할 수 있다.,,,,,,,
미디어·휴먼라이프대학,디지털미디어학부,디지털미디어학부,14620,1,디지털콘텐츠기획,3,나는 디지털 콘텐츠에 대한 계획과 전략을 수립하여 관리할 수 있다.,,,,,,,
미디어·휴먼라이프대학,디지털미디어학부,디지털미디어학부,14620,2,디지털콘텐츠제작,1,나는 각종 디지털 매체에 대해 이해하고 있다.,,,,,,,
미디어·휴먼라이프대학,디지털미디어학부,디지털미디어학부,14620,2,디지털콘텐츠제작,2,나는 적합한 콘텐츠를 발굴할 수 있다.,,,,,,,
미디어·휴먼라이프대학,디지털미디어학부,디지털미디어학부,14620,2,디지털콘텐츠제작,3,나는 콘텐츠를 기획ㆍ제작하고 관리할 수 있다.,,,,,,,
미디어·휴먼라이프대학,디지털미디어학부,디지털미디어학부,14620,3,홍보ㆍ마케팅,1,나는 기업과 제품의 경쟁우위 확보와 경영성과를 향상을 위한 마케팅에 대해 이해하고 있다. ,,,,,,,
미디어·휴먼라이프대학,디지털미디어학부,디지털미디어학부,14620,3,홍보ㆍ마케팅,2,나는 마케팅 목표 수립할 수 있다. ,,,,,,,
미디어·휴먼라이프대학,디지털미디어학부,디지털미디어학부,14620,3,홍보ㆍ마케팅,3,나는 목표시장에 대한 체계적인 방안 설계 및 실행을 통하여 반응과 결과에 지속적으로 대응할 수 있다.,,,,,,,
경영대학,대학,공통,16600,1,국제화이해,1,나는 다양한 경영 활동 분야에 필요한 국제화 개념을 이해하고 경영에 영향을 미치는 국내외의 경제·문화·정치·법률적 환경에 대해 설명할 수 있다,,,,,,,
경영대학,대학,공통,16600,1,국제화이해,2,"나는 다양한 경영 활동 분야에 필요한 국제화 개념 및 환경에 대한 이해를 바탕으로 재무, 회계, 마케팅, 인사조직, 생산운영 분야 등의 실무에 적용할 수 있다.",,,,,,,
경영대학,대학,공통,16600,1,국제화이해,3,"나는 다양한 경영 활동 분야에 필요한 국제화 개념 및 환경에 대한 이해를 바탕으로 재무, 회계, 마케팅, 인사조직, 생산운영 등에 관련된 프로젝트를 수행할 수 있다.",,,,,,,
경영대학,대학,공통,16600,2,의사전달능력,1,나는 다양한 경영 활동 분야에서 경영학의 관점으로 논리적인 설명을 할 수 있다.,,,,,,,
경영대학,대학,공통,16600,2,의사전달능력,2,나는 다양한 경영 활동 분야에서 경영학의 관점으로 합리적인 결론을 도출할 수 있다.,,,,,,,
경영대학,대학,공통,16600,2,의사전달능력,3,나는 다양한 경영 활동 분야에서 경영학의 관점으로 상대방의 의도를 파악하여 프로젝트 결과물을 도출할 수 있다. ,,,,,,,
경영대학,대학,공통,16600,3,팀워크스킬,1,나는 다양한 경영 활동 분야에서 조직의 특징을 파악하고 조직원의 역할 및 기여도를 설명할 수 있다.,,,,,,,
경영대학,대학,공통,16600,3,팀워크스킬,2,나는 다양한 경영 활동 분야에서 주어진 역할 및 기여도에 따라 조직원과 협동하여 업무를 수행할 수 있다.,,,,,,,
경영대학,대학,공통,16600,3,팀워크스킬,3,나는 다양한 경영 활동 분야에서 각 조직원의 역할과 기여도에 따른 업무 성과를 평가할 수 있다.,,,,,,,
경영대학,대학,공통,16600,4,문제해결능력,1,나는 다양한 경영 활동 분야에서 발생하는 문제를 파악할 수 있다.,,,,,,,
경영대학,대학,공통,16600,4,문제해결능력,2,나는 다양한 경영 활동 분야에서 발생하는 문제를 해결하는 방안을 마련하고 이를 업무에 적용할 수 있다.,,,,,,,
경영대학,대학,공통,16600,4,문제해결능력,3,나는 다양한 경영 활동 분야에서 발생하는 문제를 예방하기 위한 방안을 도출할 수 있다.,,,,,,,
경영대학,대학,공통,16600,5,컴퓨터활용능력,1,나는 다양한 경영 활동 분야에서 사용하는 정보통신기술을 설명할 수 있다.,,,,,,,
경영대학,대학,공통,16600,5,컴퓨터활용능력,2,나는 다양한 경영 활동 분야에서 사용하는 정보통신 기술을 실무에 적용할 수 있다.,,,,,,,
경영대학,대학,공통,16600,5,컴퓨터활용능력,3,나는 다양한 경영 활동 분야에서 사용하는 정보통신기술을 활용한 프로젝트를 수행할 수 있다.,,,,,,,
경영대학,대학,공통,16600,6,윤리의식,1,나는 다양한 경영 활동 분야에 요구되는 직업윤리적 책임의식과 사회적 책임의 중요성을 설명할 수 있다.,,,,,,,
경영대학,대학,공통,16600,6,윤리의식,2,나는 다양한 경영 활동 분야에 요구되는 직업윤리적 책임의식과 사회적 책임의 중요성을 인식하고 실무현장에서 실천할 수 있다.,,,,,,,
경영대학,대학,공통,16600,6,윤리의식,3,나는 다양한 경영 활동 분야에 요구되는 직업윤리적 책임의식과 사회적 책임에 기반하여 프로젝트를 수행할 수 있다.,,,,,,,
경영대학,경영정보학과,경영정보학과,16640,1,국제화이해,1,나는 경영정보의 국제화 개념을 이해하고 경영정보에 영향을 미치는 국내외의 경제·문화·정치·법률적 환경에 대해 설명할 수 있다,,,,,,,
경영대학,경영정보학과,경영정보학과,16640,1,국제화이해,2,"나는 경영정보의 국제화 개념 및 환경에 대한 이해를 바탕으로 경영정보시스템, 정보기술경영 분야 등의 실무에 적용할 수 있다.",,,,,,,
경영대학,경영정보학과,경영정보학과,16640,1,국제화이해,3,"나는 경영정보의 국제화 개념 및 환경에 대한 이해를 바탕으로 경영정보시스템, 정보기술경영 등에 관련된 프로젝트를 수행할 수 있다.",,,,,,,
경영대학,경영정보학과,경영정보학과,16640,2,의사전달능력,1,"나는 경영정보시스템, 정보기술경영 등의 분야에서 경영정보학의 관점으로 논리적인 설명을 할 수 있다.",,,,,,,
경영대학,경영정보학과,경영정보학과,16640,2,의사전달능력,2,"나는 경영정보시스템, 정보기술경영 등의 분야에서 경영정보학의 관점으로 합리적인 결론을 도출할 수 있다.",,,,,,,
경영대학,경영정보학과,경영정보학과,16640,2,의사전달능력,3,"나는 경영정보시스템, 정보기술경영 등의 분야에서 경영정보학의 관점으로 상대방의 의도를 파악하여 프로젝트 결과물을 도출할 수 있다. ",,,,,,,
경영대학,경영정보학과,경영정보학과,16640,3,팀워크스킬,1,"나는 경영정보시스템, 정보기술경영 등의 실무 분야에서 조직의 특징을 파악하고 조직원의 역할 및 기여도를 설명할 수 있다.",,,,,,,
경영대학,경영정보학과,경영정보학과,16640,3,팀워크스킬,2,"나는 경영정보시스템, 정보기술경영 등의 실무 분야에서 주어진 역할 및 기여도에 따라 조직원과 협동하여 업무를 수행할 수 있다.",,,,,,,
경영대학,경영정보학과,경영정보학과,16640,3,팀워크스킬,3,"나는 경영정보시스템, 정보기술경영 등의 실무 분야에서 각 조직원의 역할과 기여도에 따른 업무 성과를 평가할 수 있다.",,,,,,,
경영대학,경영정보학과,경영정보학과,16640,4,문제해결능력,1,"나는 경영정보시스템, 정보기술경영 등의 실무 분야에서 발생하는 문제를 파악할 수 있다.",,,,,,,
경영대학,경영정보학과,경영정보학과,16640,4,문제해결능력,2,"나는 경영정보시스템, 정보기술경영 등의 실무 분야에서 발생하는 문제를 해결하는 방안을 마련하고 이를 업무에 적용할 수 있다.",,,,,,,
경영대학,경영정보학과,경영정보학과,16640,4,문제해결능력,3,"나는 경영정보시스템, 정보기술경영 등의 실무 분야에서 발생하는 문제를 예방하기 위한 방안을 도출할 수 있다.",,,,,,,
경영대학,경영정보학과,경영정보학과,16640,5,컴퓨터활용능력,1,"나는 경영정보시스템, 정보기술경영 등의 실무 분야에서 기본적으로 사용하는 정보통신기술을 설명할 수 있다.",,,,,,,
경영대학,경영정보학과,경영정보학과,16640,5,컴퓨터활용능력,2,"나는 경영정보시스템, 정보기술경영 등의 실무 분야에서 기본적으로 사용하는 정보통신 기술을 실무에 적용할 수 있다.",,,,,,,
경영대학,경영정보학과,경영정보학과,16640,5,컴퓨터활용능력,3,"나는 경영정보시스템, 정보기술경영 등등의 실무 분야에서 기본적인 정보통신기술을 활용한 프로젝트를 수행할 수 있다.",,,,,,,
경영대학,경영정보학과,경영정보학과,16640,6,윤리의식,1,나는 경영정보학도로서 요구되는 직업윤리적 책임의식과 사회적 책임의 중요성을 설명할 수 있다.,,,,,,,
경영대학,경영정보학과,경영정보학과,16640,6,윤리의식,2,나는 경영정보학도로서 요구되는 직업윤리적 책임의식과 사회적 책임의 중요성을 인식하고 실무현장에서 실천할 수 있다.,,,,,,,
경영대학,경영정보학과,경영정보학과,16640,6,윤리의식,3,나는 경영정보학도로서 요구되는 직업윤리적 책임의식과 사회적 책임에 기반하여 프로젝트를 수행할 수 있다.,,,,,,,
경영대학,,국제통상학과,16650,1,국제화이해,1,나는 국제통상의 국제화 개념을 이해하고 국제통상에 영향을 미치는 국내외의 경제·문화·정치·법률적 환경에 대해 설명할 수 있다,,,,,,,
경영대학,,국제통상학과,16650,1,국제화이해,2,"나는 국제통상의 국제화 개념 및 환경에 대한 이해를 바탕으로 국제통상, 국제경영, 글로벌경영전략 분야 등의 실무에 적용할 수 있다.",,,,,,,
경영대학,,국제통상학과,16650,1,국제화이해,3,"나는 국제통상의 국제화 개념 및 환경에 대한 이해를 바탕으로 국제통상, 국제경영, 글로벌경영전략 등에 관련된 프로젝트를 수행할 수 있다.",,,,,,,
경영대학,,국제통상학과,16650,2,의사전달능력,1,"나는 국제통상, 국제경영, 글로벌경영전략 등의 분야에서 국제통상학의 관점으로 논리적인 설명을 할 수 있다.",,,,,,,
경영대학,,국제통상학과,16650,2,의사전달능력,2,"나는 국제통상, 국제경영, 글로벌경영전략 등의 분야에서 국제통상학의 관점으로 합리적인 결론을 도출할 수 있다.",,,,,,,
경영대학,,국제통상학과,16650,2,의사전달능력,3,"나는 국제통상, 국제경영, 글로벌경영전략 등의 분야에서 국제통상학의 관점으로 상대방의 의도를 파악하여 프로젝트 결과물을 도출할 수 있다. ",,,,,,,
경영대학,,국제통상학과,16650,3,팀워크스킬,1,"나는 국제통상, 국제경영, 글로벌경영전략 등의 실무 분야에서 조직의 특징을 파악하고 조직원의 역할 및 기여도를 설명할 수 있다.",,,,,,,
경영대학,,국제통상학과,16650,3,팀워크스킬,2,"나는 국제통상, 국제경영, 글로벌경영전략 등의 실무 분야에서 주어진 역할 및 기여도에 따라 조직원과 협동하여 업무를 수행할 수 있다.",,,,,,,
경영대학,,국제통상학과,16650,3,팀워크스킬,3,"나는 국제통상, 국제경영, 글로벌경영전략 등의 실무 분야에서 각 조직원의 역할과 기여도에 따른 업무 성과를 평가할 수 있다.",,,,,,,
경영대학,,국제통상학과,16650,4,문제해결능력,1,"나는 국제통상, 국제경영, 글로벌경영전략 등의 실무 분야에서 발생하는 문제를 파악할 수 있다.",,,,,,,
경영대학,,국제통상학과,16650,4,문제해결능력,2,"나는 국제통상, 국제경영, 글로벌경영전략 등의 실무 분야에서 발생하는 문제를 해결하는 방안을 마련하고 이를 업무에 적용할 수 있다.",,,,,,,
경영대학,,국제통상학과,16650,4,문제해결능력,3,"나는 국제통상, 국제경영, 글로벌경영전략 등의 실무 분야에서 발생하는 문제를 예방하기 위한 방안을 도출할 수 있다.",,,,,,,
경영대학,,국제통상학과,16650,5,컴퓨터활용능력,1,"나는 국제통상, 국제경영, 글로벌경영전략 등의 실무 분야에서 기본적으로 사용하는 정보통신기술을 설명할 수 있다.",,,,,,,
경영대학,,국제통상학과,16650,5,컴퓨터활용능력,2,"나는 국제통상, 국제경영, 글로벌경영전략 등의 실무 분야에서 기본적으로 사용하는 정보통신 기술을 실무에 적용할 수 있다.",,,,,,,
경영대학,,국제통상학과,16650,5,컴퓨터활용능력,3,"나는 국제통상, 국제경영, 글로벌경영전략 등의 실무 분야에서 기본적인 정보통신기술을 활용한 프로젝트를 수행할 수 있다.",,,,,,,
경영대학,,국제통상학과,16650,6,윤리의식,1,나는 국제통상학도로서 요구되는 직업윤리적 책임의식과 사회적 책임의 중요성을 설명할 수 있다.,,,,,,,
경영대학,,국제통상학과,16650,6,윤리의식,2,나는 국제통상학도로서 요구되는 직업윤리적 책임의식과 사회적 책임의 중요성을 인식하고 실무현장에서 실천할 수 있다.,,,,,,,
경영대학,,국제통상학과,16650,6,윤리의식,3,나는 국제통상학도로서 요구되는 직업윤리적 책임의식과 사회적 책임에 기반하여 프로젝트를 수행할 수 있다.,,,,,,,
경영대학,경영학부,경영학전공,16671,1,국제화이해,1,나는 경영의 국제화 개념을 이해하고 경영에 영향을 미치는 국내외의 경제·문화·정치·법률적 환경에 대해 설명할 수 있다,,,,,,,
경영대학,경영학부,경영학전공,16671,1,국제화이해,2,"나는 경영의 국제화 개념 및 환경에 대한 이해를 바탕으로 재무, 회계, 마케팅, 인사조직, 생산운영 분야 등의 실무에 적용할 수 있다.",,,,,,,
경영대학,경영학부,경영학전공,16671,1,국제화이해,3,"나는 경영의 국제화 개념 및 환경에 대한 이해를 바탕으로 재무, 회계, 마케팅, 인사조직, 생산운영 등에 관련된 프로젝트를 수행할 수 있다.",,,,,,,
경영대학,경영학부,경영학전공,16671,2,의사전달능력,1,"나는 재무, 회계, 마케팅, 인사조직, 생산운영 등의 분야에서 경영학의 관점으로 논리적인 설명을 할 수 있다.",,,,,,,
경영대학,경영학부,경영학전공,16671,2,의사전달능력,2,"나는 재무, 회계, 마케팅, 인사조직, 생산운영 등의 분야에서 경영학의 관점으로 합리적인 결론을 도출할 수 있다.",,,,,,,
경영대학,경영학부,경영학전공,16671,2,의사전달능력,3,"나는 재무, 회계, 마케팅, 인사조직, 생산운영 등의 분야에서 경영학의 관점으로 상대방의 의도를 파악하여 프로젝트 결과물을 도출할 수 있다. ",,,,,,,
경영대학,경영학부,경영학전공,16671,3,팀워크스킬,1,"나는 재무, 회계, 마케팅, 인사조직, 생산운영 등의 실무 분야에서 조직의 특징을 파악하고 조직원의 역할 및 기여도를 설명할 수 있다.",,,,,,,
경영대학,경영학부,경영학전공,16671,3,팀워크스킬,2,"나는 재무, 회계, 마케팅, 인사조직, 생산운영 등의 실무 분야에서 주어진 역할 및 기여도에 따라 조직원과 협동하여 업무를 수행할 수 있다.",,,,,,,
경영대학,경영학부,경영학전공,16671,3,팀워크스킬,3,"나는 재무, 회계, 마케팅, 인사조직, 생산운영 등의 실무 분야에서 각 조직원의 역할과 기여도에 따른 업무 성과를 평가할 수 있다.",,,,,,,
경영대학,경영학부,경영학전공,16671,4,문제해결능력,1,"나는 재무, 회계, 마케팅, 인사조직, 생산운영 등의 실무 분야에서 발생하는 문제를 파악할 수 있다.",,,,,,,
경영대학,경영학부,경영학전공,16671,4,문제해결능력,2,"나는 재무, 회계, 마케팅, 인사조직, 생산운영 등의 실무 분야에서 발생하는 문제를 해결하는 방안을 마련하고 이를 업무에 적용할 수 있다.",,,,,,,
경영대학,경영학부,경영학전공,16671,4,문제해결능력,3,"나는 재무, 회계, 마케팅, 인사조직, 생산운영 등의 실무 분야에서 발생하는 문제를 예방하기 위한 방안을 도출할 수 있다.",,,,,,,
경영대학,경영학부,경영학전공,16671,5,컴퓨터활용능력,1,"나는 재무, 회계, 마케팅, 인사조직, 생산운영 등의 실무 분야에서 기본적으로 사용하는 정보통신기술을 설명할 수 있다.",,,,,,,
경영대학,경영학부,경영학전공,16671,5,컴퓨터활용능력,2,"나는 재무, 회계, 마케팅, 인사조직, 생산운영 등의 실무 분야에서 기본적으로 사용하는 정보통신 기술을 실무에 적용할 수 있다.",,,,,,,
경영대학,경영학부,경영학전공,16671,5,컴퓨터활용능력,3,"나는 재무, 회계, 마케팅, 인사조직, 생산운영 등의 실무 분야에서 기본적인 정보통신기술을 활용한 프로젝트를 수행할 수 있다.",,,,,,,
경영대학,경영학부,경영학전공,16671,6,윤리의식,1,나는 경영학도로서 요구되는 직업윤리적 책임의식과 사회적 책임의 중요성을 설명할 수 있다.,,,,,,,
경영대학,경영학부,경영학전공,16671,6,윤리의식,2,나는 경영학도로서 요구되는 직업윤리적 책임의식과 사회적 책임의 중요성을 인식하고 실무현장에서 실천할 수 있다.,,,,,,,
경영대학,경영학부,경영학전공,16671,6,윤리의식,3,나는 경영학도로서 요구되는 직업윤리적 책임의식과 사회적 책임에 기반하여 프로젝트를 수행할 수 있다.,,,,,,,
경영대학,경영학부,글로벌비지니스전공,16672,1,경영 기초의 이해,1,나는 경영학과 관련한 기초 이론에 대해 설명할 수 있다.,,,,,,,
경영대학,경영학부,글로벌비지니스전공,16672,1,경영 기초의 이해,2,나는 자산에 따른 회계 처리 방법과 자본의 조달 및 운용에 관한 기본 이론을 설명할 수 있다.,,,,,,,
경영대학,경영학부,글로벌비지니스전공,16672,1,경영 기초의 이해,3,"나는 경영정보시스템에 관한 이론 체계와, 생산시스템의 효율적 관리를 위한 시스템적 의사결정과정을 이해하여 설명할 수 있다.",,,,,,,
경영대학,경영학부,글로벌비지니스전공,16672,2,경영관리,1,나는 인사관리를 위한 기본 이론과 조직의 효율성 향상을 위한 방법론을 이해하여 이를 활용할 수 있다.,,,,,,,
경영대학,경영학부,글로벌비지니스전공,16672,2,경영관리,2,"나는 소비자 행동의 다양한 측면을 이해하고, 이를 마케팅에 활용함으로써 효과적으로 대응할 수 있다.",,,,,,,
경영대학,경영학부,글로벌비지니스전공,16672,2,경영관리,3,나는 통계학의 기초 이론을 이해하여 다양한 기업경영 관련 자료를 통계학적으로 분석할 수 있다.,,,,,,,
경영대학,경영학부,글로벌비지니스전공,16672,3,경영전략 수립,1,"나는 경영자가 갖추어야 할 다양한 경영전략의 전술, 전략의 기법을 이해하여 이를 활용할 수 있다.",,,,,,,
경영대학,경영학부,글로벌비지니스전공,16672,3,경영전략 수립,2,"나는 기업의 사회적 책임의 개념을 이해하여, 기업과 사회 간에 발생하는 다양한 이슈와 문제점을 사례를 통해 분석할 수 있다.",,,,,,,
경영대학,경영학부,글로벌비지니스전공,16672,3,경영전략 수립,3,"나는 중국과의 비즈니스 전략의 이론을 이해하고, 최신동향 사례를 통해 분석할 수 있다.",,,,,,,
경영대학,경영학부,글로벌비지니스전공,16672,4,글로벌 시장 적용,1,"나는 국제경영과 관련된 이론과 제도, 환경에 대해 이해하고, 이를 위한 전략을 수립할 수 있다.",,,,,,,
경영대학,경영학부,글로벌비지니스전공,16672,4,글로벌 시장 적용,2,나는 국제 마케팅의 기초 이론과 이에 영향을 미치는 다양한 요인을 이해하여 전략을 수립할 수 있다.,,,,,,,
경영대학,경영학부,글로벌비지니스전공,16672,4,글로벌 시장 적용,3,나는 글로벌 기업의 글로벌 시장 진입 관리에 따른 이론을 바탕으로 여러 사례를 통해 다국적 기업의 글로벌 전략 아이디어 및 방법을 분석할 수 있다.,,,,,,,
경영대학,경영학부,글로벌비지니스전공,16672,5,사업 기획,1,"나는 진정한 기업가 정신, 창업가의 정신을 이해하고 성공한 기업가와 성공모델을 통해 창업 계획을 수립할 수 있다.",,,,,,,
경영대학,경영학부,글로벌비지니스전공,16672,5,사업 기획,2,"나는 기업의 윤리경영을 이해하고, 최근 경영사례를 통해 올바른 경영인의 자세에 대해 논의할 수 있다.",,,,,,,
경영대학,경영학부,글로벌비지니스전공,16672,5,사업 기획,3,나는 이 시대의 리더십이 지닌 창의적 문제해결 방식과 혁신적 기업 경영의 사례를 연구하여 창업가의 자세에 관해 논의할 수 있다.,,,,,,,
인공지능·소프트웨어융합대학,대학,공통,18600,1,빅데이터이해능력,1,나는 빅데이터를 분석하고 활용하며 프로그래밍할 수 있도록 융합소프트웨어의 기초적인 이론을 이해할 수 있다.,,,,,,,
인공지능·소프트웨어융합대학,대학,공통,18600,1,빅데이터이해능력,2,나는 빅데이터를 분석할 때 적합한 알고리즘을 선택하여 적용하는 과정을 이해할 수 있다.,,,,,,,
인공지능·소프트웨어융합대학,대학,공통,18600,1,빅데이터이해능력,3,나는 프로그래밍하고 분석한 빅데이터를 시각화하여 활용하는 과정을 이해할 수 있다.,,,,,,,
인공지능·소프트웨어융합대학,대학,공통,18600,2,창의적문제해결능력,1,나는 변화하는 기술환경에서 다양한 시각을 가지고 문제를 해결할 필요성을 이해할 수 있다.,,,,,,,
인공지능·소프트웨어융합대학,대학,공통,18600,2,창의적문제해결능력,2,나는 문제해결을 위해 창의적이고 논리적으로 사고할 수 있다.,,,,,,,
인공지능·소프트웨어융합대학,대학,공통,18600,2,창의적문제해결능력,3,나는 기존의 틀에서 벗어나 문제를 해결하기 위한 새로운 해결책을 제시할 수 있다.,,,,,,,
인공지능·소프트웨어융합대학,대학,공통,18600,3,협업및소통능력,1,나는 프로그래밍 과정에서의 다양한 분야의 전문가와 협력할 필요를 이해할 수 있다.,,,,,,,
인공지능·소프트웨어융합대학,대학,공통,18600,3,협업및소통능력,2,나는 자신의 아이디어를 명확하게 전달하고 다른 사람의 의견을 경청할 수 있다.,,,,,,,
인공지능·소프트웨어융합대학,대학,공통,18600,3,협업및소통능력,3,나는 다양한 분야의 전문가와 협력하고 소통하면서 프로젝트를 수행할 수 있다.,,,,,,,
인공지능·소프트웨어융합대학,디지털콘텐츠디자인학과,디지털콘텐츠디자인학과,18610,1,디지털콘텐츠기획능력,1,"나는 디지털콘텐츠기획에 필요한 용어, 이론, 기술, 사회, 문화, 역사적 배경 을 이해하고 활용할 수 있다.",전공능력명 및 진단문항 수정,,,,,,
인공지능·소프트웨어융합대학,디지털콘텐츠디자인학과,디지털콘텐츠디자인학과,18610,1,디지털콘텐츠기획능력,2,나는 디지털콘텐츠기획에 필요한 사례를 조사하고 분석 및 비평할 수 있다.,전공능력명 및 진단문항 수정,,,,,,
인공지능·소프트웨어융합대학,디지털콘텐츠디자인학과,디지털콘텐츠디자인학과,18610,1,디지털콘텐츠기획능력,3,나는 디지털콘텐츠기획에 필요한 단계별 요소를 이해 하고 있으며 아이디어를 구체화할 수 있다. ,전공능력명 및 진단문항 수정,,,,,,
인공지능·소프트웨어융합대학,디지털콘텐츠디자인학과,디지털콘텐츠디자인학과,18610,2,디지털콘텐츠제작능력,1,나는 디지털콘텐츠 제작에 필요한 디자인 및 시각화를 할 수 있다,전공능력명 및 진단문항 수정,,,,,,
인공지능·소프트웨어융합대학,디지털콘텐츠디자인학과,디지털콘텐츠디자인학과,18610,2,디지털콘텐츠제작능력,2,나는 디지털콘텐츠 제작에 필요한 소프트웨어를 사용할 수 있다,전공능력명 및 진단문항 수정,,,,,,
인공지능·소프트웨어융합대학,디지털콘텐츠디자인학과,디지털콘텐츠디자인학과,18610,2,디지털콘텐츠제작능력,3,나는 디지털콘텐츠 제작에 필요한 코딩을 할 수 있다,전공능력명 및 진단문항 수정,,,,,,
인공지능·소프트웨어융합대학,디지털콘텐츠디자인학과,디지털콘텐츠디자인학과,18610,3,디지털콘텐츠실무능력,1,나는 디지털콘텐츠 기획능력과 디지털콘텐츠 제작능력을 융합하여  활용 할 수 있다.,전공능력명 및 진단문항 수정,,,,,,
인공지능·소프트웨어융합대학,디지털콘텐츠디자인학과,디지털콘텐츠디자인학과,18610,3,디지털콘텐츠실무능력,2,나는 창의적인 문제해결을 통하여 프로젝트를 완성할 수 있다.,전공능력명 및 진단문항 수정,,,,,,
인공지능·소프트웨어융합대학,디지털콘텐츠디자인학과,디지털콘텐츠디자인학과,18610,3,디지털콘텐츠실무능력,3,나는 프로젝트 완성을 위해서 다른 사람과 협동할 수 있으며 추진력이 있다,전공능력명 및 진단문항 수정,,,,,,
인공지능·소프트웨어융합대학,디지털콘텐츠디자인학과,디지털콘텐츠디자인학과,18610,4,디지털콘텐츠분석능력,1,나는 디지털콘텐츠의 특수성을 이해하고 있으며 산업 전반의 정보를 수집 및 분석할 수 있다.,전공능력명 및 진단문항 수정,,,,,,
인공지능·소프트웨어융합대학,디지털콘텐츠디자인학과,디지털콘텐츠디자인학과,18610,4,디지털콘텐츠분석능력,2,나는 브랜딩 및 마케팅 정보를 수집/ 분석하여 디지털콘텐츠의 전략적 기획에 활용할 수 있다.,전공능력명 및 진단문항 수정,,,,,,
인공지능·소프트웨어융합대학,디지털콘텐츠디자인학과,디지털콘텐츠디자인학과,18610,4,디지털콘텐츠분석능력,3,나는 디지털콘텐츠 산업 전반의 특수성을 이해하고 진로 설정에 필요한 정보를 수집하여 활용할 수 있다.,전공능력명 및 진단문항 수정,,,,,,
인공지능·소프트웨어융합대학,디지털콘텐츠디자인학과,디지털콘텐츠디자인학과,18610,5,빅데이터이해능력(인공지능·소프트웨어융합대학공통),1,나는 빅데이터를 분석하고 활용하며 프로그래밍할 수 있도록 융합소프트웨어의 기초적인 이론을 이해할 수 있다.,,,,,,,
인공지능·소프트웨어융합대학,디지털콘텐츠디자인학과,디지털콘텐츠디자인학과,18610,5,빅데이터이해능력(인공지능·소프트웨어융합대학공통),2,나는 빅데이터를 분석할 때 적합한 알고리즘을 선택하여 적용하는 과정을 이해할 수 있다.,,,,,,,
인공지능·소프트웨어융합대학,디지털콘텐츠디자인학과,디지털콘텐츠디자인학과,18610,5,빅데이터이해능력(인공지능·소프트웨어융합대학공통),3,나는 프로그래밍하고 분석한 빅데이터를 시각화하여 활용하는 과정을 이해할 수 있다.,,,,,,,
인공지능·소프트웨어융합대학,디지털콘텐츠디자인학과,디지털콘텐츠디자인학과,18610,6,창의적문제해결능력(인공지능·소프트웨어융합대학공통),1,나는 변화하는 기술환경에서 다양한 시각을 가지고 문제를 해결할 필요성을 이해할 수 있다.,,,,,,,
인공지능·소프트웨어융합대학,디지털콘텐츠디자인학과,디지털콘텐츠디자인학과,18610,6,창의적문제해결능력(인공지능·소프트웨어융합대학공통),2,나는 문제해결을 위해 창의적이고 논리적으로 사고할 수 있다.,,,,,,,
인공지능·소프트웨어융합대학,디지털콘텐츠디자인학과,디지털콘텐츠디자인학과,18610,6,창의적문제해결능력(인공지능·소프트웨어융합대학공통),3,나는 기존의 틀에서 벗어나 문제를 해결하기 위한 새로운 해결책을 제시할 수 있다.,,,,,,,
인공지능·소프트웨어융합대학,디지털콘텐츠디자인학과,디지털콘텐츠디자인학과,18610,7,협업및소통능력(인공지능·소프트웨어융합대학공통),1,나는 프로그래밍 과정에서의 다양한 분야의 전문가와 협력할 필요를 이해할 수 있다.,,,,,,,
인공지능·소프트웨어융합대학,디지털콘텐츠디자인학과,디지털콘텐츠디자인학과,18610,7,협업및소통능력(인공지능·소프트웨어융합대학공통),2,나는 자신의 아이디어를 명확하게 전달하고 다른 사람의 의견을 경청할 수 있다.,,,,,,,
인공지능·소프트웨어융합대학,디지털콘텐츠디자인학과,디지털콘텐츠디자인학과,18610,7,협업및소통능력(인공지능·소프트웨어융합대학공통),3,나는 다양한 분야의 전문가와 협력하고 소통하면서 프로젝트를 수행할 수 있다.,,,,,,,
인공지능·소프트웨어융합대학,융합소프트웨어학부,응용소프트웨어전공,18621,1,응용SW탐구,1,나는 융합소프트웨어 전공 기초 이론에 대해 이해하고 있다.,,,,,,,
인공지능·소프트웨어융합대학,융합소프트웨어학부,응용소프트웨어전공,18621,1,응용SW탐구,2,나는 융합소프트웨어 지식과 관련된 문제를 정의할 수 있다.,,,,,,,
인공지능·소프트웨어융합대학,융합소프트웨어학부,응용소프트웨어전공,18621,1,응용SW탐구,3,나는 융합소프트웨어 관련 이론과 지식을 탐구할 수 있다.,,,,,,,
인공지능·소프트웨어융합대학,융합소프트웨어학부,응용소프트웨어전공,18621,2,창의적문제해결,1,나는 소프트웨어 엔지니어에게 필요한 문제해결 방법에 대해 이해하고 있다.,,,,,,,
인공지능·소프트웨어융합대학,융합소프트웨어학부,응용소프트웨어전공,18621,2,창의적문제해결,2,나는 문제해결을 위해 창의적인 방안을 설계할 수 있다.,,,,,,,
인공지능·소프트웨어융합대학,융합소프트웨어학부,응용소프트웨어전공,18621,2,창의적문제해결,3,나는 문제해결을 위해 창의적인 방안을 구현할 수 있다.,,,,,,,
인공지능·소프트웨어융합대학,융합소프트웨어학부,응용소프트웨어전공,18621,3,SW활용,1,나는 문제에 따른 다양한 소프트웨어에 대해 이해하고 있다.,,,,,,,
인공지능·소프트웨어융합대학,융합소프트웨어학부,응용소프트웨어전공,18621,3,SW활용,2,나는 주어진 문제해결을 위해 적합한 소프트웨어를 적용할 수 있다.,,,,,,,
인공지능·소프트웨어융합대학,융합소프트웨어학부,응용소프트웨어전공,18621,3,SW활용,3,나는 주어진 문제해결을 위해 소프트웨어를 활용할 수 있다.,,,,,,,
인공지능·소프트웨어융합대학,융합소프트웨어학부,응용소프트웨어전공,18621,4,융복합,1,나는 융복합의 의미에 대해 이해하고 있다.,,,,,,,
인공지능·소프트웨어융합대학,융합소프트웨어학부,응용소프트웨어전공,18621,4,융복합,2,나는 응용소프트웨어 분야와 타 분야를 융합하여 사고할 수 있다.,,,,,,,
인공지능·소프트웨어융합대학,융합소프트웨어학부,응용소프트웨어전공,18621,4,융복합,3,나는 응용소프트웨어 분야와 타 분야를 융합하여 분석할 수 있다.,,,,,,,
인공지능·소프트웨어융합대학,융합소프트웨어학부,응용소프트웨어전공,18621,5,공동체적문제해결,1,나는 소통과 협업의 의미를 이해하고 있다.,,,,,,,
인공지능·소프트웨어융합대학,융합소프트웨어학부,응용소프트웨어전공,18621,5,공동체적문제해결,2,나는 여러 사람과 원활하게 의사소통하고 협력할 수 있다.,,,,,,,
인공지능·소프트웨어융합대학,융합소프트웨어학부,응용소프트웨어전공,18621,5,공동체적문제해결,3,나는 소통과 협업을 통해 복잡한 문제를 해결할 수 있다.,,,,,,,
인공지능·소프트웨어융합대학,융합소프트웨어학부,응용소프트웨어전공,18621,6,빅데이터이해능력(인공지능·소프트웨어융합대학공통),1,나는 빅데이터를 분석하고 활용하며 프로그래밍할 수 있도록 융합소프트웨어의 기초적인 이론을 이해할 수 있다.,,,,,,,
인공지능·소프트웨어융합대학,융합소프트웨어학부,응용소프트웨어전공,18621,6,빅데이터이해능력(인공지능·소프트웨어융합대학공통),2,나는 빅데이터를 분석할 때 적합한 알고리즘을 선택하여 적용하는 과정을 이해할 수 있다.,,,,,,,
인공지능·소프트웨어융합대학,융합소프트웨어학부,응용소프트웨어전공,18621,6,빅데이터이해능력(인공지능·소프트웨어융합대학공통),3,나는 프로그래밍하고 분석한 빅데이터를 시각화하여 활용하는 과정을 이해할 수 있다.,,,,,,,
인공지능·소프트웨어융합대학,융합소프트웨어학부,응용소프트웨어전공,18621,7,창의적문제해결능력(인공지능·소프트웨어융합대학공통),1,나는 변화하는 기술환경에서 다양한 시각을 가지고 문제를 해결할 필요성을 이해할 수 있다.,,,,,,,
인공지능·소프트웨어융합대학,융합소프트웨어학부,응용소프트웨어전공,18621,7,창의적문제해결능력(인공지능·소프트웨어융합대학공통),2,나는 문제해결을 위해 창의적이고 논리적으로 사고할 수 있다.,,,,,,,
인공지능·소프트웨어융합대학,융합소프트웨어학부,응용소프트웨어전공,18621,7,창의적문제해결능력(인공지능·소프트웨어융합대학공통),3,나는 기존의 틀에서 벗어나 문제를 해결하기 위한 새로운 해결책을 제시할 수 있다.,,,,,,,
인공지능·소프트웨어융합대학,융합소프트웨어학부,응용소프트웨어전공,18621,8,협업및소통능력(인공지능·소프트웨어융합대학공통),1,나는 프로그래밍 과정에서의 다양한 분야의 전문가와 협력할 필요를 이해할 수 있다.,,,,,,,
인공지능·소프트웨어융합대학,융합소프트웨어학부,응용소프트웨어전공,18621,8,협업및소통능력(인공지능·소프트웨어융합대학공통),2,나는 자신의 아이디어를 명확하게 전달하고 다른 사람의 의견을 경청할 수 있다.,,,,,,,
인공지능·소프트웨어융합대학,융합소프트웨어학부,응용소프트웨어전공,18621,8,협업및소통능력(인공지능·소프트웨어융합대학공통),3,나는 다양한 분야의 전문가와 협력하고 소통하면서 프로젝트를 수행할 수 있다.,,,,,,,
인공지능·소프트웨어융합대학,융합소프트웨어학부,데이터사이언스전공,18622,1,문제정의,1,나는 데이터 관점에서 문제를 이해할 수 있다.,,,,,,,
인공지능·소프트웨어융합대학,융합소프트웨어학부,데이터사이언스전공,18622,1,문제정의,2,나는 데이터 관점에서 문제를 파악할 수 있다.,,,,,,,
인공지능·소프트웨어융합대학,융합소프트웨어학부,데이터사이언스전공,18622,1,문제정의,3,나는 데이터 관점에서 문제를 정의할 수 있다.,,,,,,,
인공지능·소프트웨어융합대학,융합소프트웨어학부,데이터사이언스전공,18622,2,융합역량,1,나는 데이터사이언스 전공 이론과 지식에 대해 이해하고 있다.,,,,,,,
인공지능·소프트웨어융합대학,융합소프트웨어학부,데이터사이언스전공,18622,2,융합역량,2,나는 데이터사이언스 전공 이론과 지식을 인문적 소양과 융합할 수 있다.,,,,,,,
인공지능·소프트웨어융합대학,융합소프트웨어학부,데이터사이언스전공,18622,2,융합역량,3,나는 데이터사이언스 전공 이론과 지식 및 인문적 소양을 컴퓨터 데이터 관련 프로젝트에 활용할 수 있다.,,,,,,,
인공지능·소프트웨어융합대학,융합소프트웨어학부,데이터사이언스전공,18622,3,창의설계,1,나는 최신의 소프트웨어 모델링 도구에 대해 이해하고 있다.,,,,,,,
인공지능·소프트웨어융합대학,융합소프트웨어학부,데이터사이언스전공,18622,3,창의설계,2,나는 최신의 소프트웨어 모델링 도구들을 사용하여 컴퓨터공학 문제를 분석 및 설계를 할 수 있다.,,,,,,,
인공지능·소프트웨어융합대학,융합소프트웨어학부,데이터사이언스전공,18622,3,창의설계,3,"나는 설계된 컴퓨터 시스템을 구현, 테스트할 수 있다.",,,,,,,
인공지능·소프트웨어융합대학,융합소프트웨어학부,데이터사이언스전공,18622,4,데이터기술활용,1,나는 외국어로 된 컴퓨터 분야의 신기술 관련 서류 및 표준안 등을 이해할 수 있다. ,,,,,,,
인공지능·소프트웨어융합대학,융합소프트웨어학부,데이터사이언스전공,18622,4,데이터기술활용,2,나는 논리적 모델링을 통해 주어진 문제를 해결할 수 있다.,,,,,,,
인공지능·소프트웨어융합대학,융합소프트웨어학부,데이터사이언스전공,18622,4,데이터기술활용,3,나는 프로젝트를 관리하고 운영 중 발생하는 문제를 해결할 수 있다.,,,,,,,
인공지능·소프트웨어융합대학,융합소프트웨어학부,데이터사이언스전공,18622,5,협력적문제해결,1,나는 원활한 의사소통과 협동적 업무 처리에 대해 이해하고 있다.,,,,,,,
인공지능·소프트웨어융합대학,융합소프트웨어학부,데이터사이언스전공,18622,5,협력적문제해결,2,나는 구성원들 간에 원활한 의사소통을 통하여 협동적으로 업무를 처리할 수 있다.,,,,,,,
인공지능·소프트웨어융합대학,융합소프트웨어학부,데이터사이언스전공,18622,5,협력적문제해결,3,나는 외국어를 사용하여 외국인과 업무를 처리할 수 있다. ,,,,,,,
인공지능·소프트웨어융합대학,융합소프트웨어학부,데이터사이언스전공,18622,6,사회의식,1,나는 데이터 산업을 이해하고 있다.,,,,,,,
인공지능·소프트웨어융합대학,융합소프트웨어학부,데이터사이언스전공,18622,6,사회의식,2,"나는 데이터 산업 관련 윤리, 법률을 파악할 수 있다.",,,,,,,
인공지능·소프트웨어융합대학,융합소프트웨어학부,데이터사이언스전공,18622,6,사회의식,3,"나는 데이터 산업 관련 윤리, 법률을 적용할 수 있다.",,,,,,,
인공지능·소프트웨어융합대학,융합소프트웨어학부,데이터사이언스전공,18622,7,빅데이터이해능력(인공지능·소프트웨어융합대학공통),1,나는 빅데이터를 분석하고 활용하며 프로그래밍할 수 있도록 융합소프트웨어의 기초적인 이론을 이해할 수 있다.,,,,,,,
인공지능·소프트웨어융합대학,융합소프트웨어학부,데이터사이언스전공,18622,7,빅데이터이해능력(인공지능·소프트웨어융합대학공통),2,나는 빅데이터를 분석할 때 적합한 알고리즘을 선택하여 적용하는 과정을 이해할 수 있다.,,,,,,,
인공지능·소프트웨어융합대학,융합소프트웨어학부,데이터사이언스전공,18622,7,빅데이터이해능력(인공지능·소프트웨어융합대학공통),3,나는 프로그래밍하고 분석한 빅데이터를 시각화하여 활용하는 과정을 이해할 수 있다.,,,,,,,
인공지능·소프트웨어융합대학,융합소프트웨어학부,데이터사이언스전공,18622,8,창의적문제해결능력(인공지능·소프트웨어융합대학공통),1,나는 변화하는 기술환경에서 다양한 시각을 가지고 문제를 해결할 필요성을 이해할 수 있다.,,,,,,,
인공지능·소프트웨어융합대학,융합소프트웨어학부,데이터사이언스전공,18622,8,창의적문제해결능력(인공지능·소프트웨어융합대학공통),2,나는 문제해결을 위해 창의적이고 논리적으로 사고할 수 있다.,,,,,,,
인공지능·소프트웨어융합대학,융합소프트웨어학부,데이터사이언스전공,18622,8,창의적문제해결능력(인공지능·소프트웨어융합대학공통),3,나는 기존의 틀에서 벗어나 문제를 해결하기 위한 새로운 해결책을 제시할 수 있다.,,,,,,,
인공지능·소프트웨어융합대학,융합소프트웨어학부,데이터사이언스전공,18622,9,협업및소통능력(인공지능·소프트웨어융합대학공통),1,나는 프로그래밍 과정에서의 다양한 분야의 전문가와 협력할 필요를 이해할 수 있다.,,,,,,,
인공지능·소프트웨어융합대학,융합소프트웨어학부,데이터사이언스전공,18622,9,협업및소통능력(인공지능·소프트웨어융합대학공통),2,나는 자신의 아이디어를 명확하게 전달하고 다른 사람의 의견을 경청할 수 있다.,,,,,,,
인공지능·소프트웨어융합대학,융합소프트웨어학부,데이터사이언스전공,18622,9,협업및소통능력(인공지능·소프트웨어융합대학공통),3,나는 다양한 분야의 전문가와 협력하고 소통하면서 프로젝트를 수행할 수 있다.,,,,,,,
인공지능·소프트웨어융합대학,융합소프트웨어학부,데이터사이언스전공,18622,10,소프트웨어및데이터기본지식(융합소프트웨어학부공통),1,나는 소프트웨어 및 데이터와 관련된 기본 개념 및 지식에 대해 설명할 수 있다.,,,,,,,
인공지능·소프트웨어융합대학,융합소프트웨어학부,데이터사이언스전공,18622,10,소프트웨어및데이터기본지식(융합소프트웨어학부공통),2,나는 소프트웨어 및 데이터와 관련된 기본 개념 및 지식을 적용하여 주어진 문제들을 해결할 수 있다.,,,,,,,
인공지능·소프트웨어융합대학,융합소프트웨어학부,데이터사이언스전공,18622,10,소프트웨어및데이터기본지식(융합소프트웨어학부공통),3,나는 소프트웨어 및 데이터와 관련된 기본 개념 및 지식을 바탕으로 스스로 문제를 계획하고 설계할 수 있다.,,,,,,,
인공지능·소프트웨어융합대학,융합소프트웨어학부,인공지능전공,18623,1,문제정의,1,나는 인공지능 관점에서 문제를 이해할 수 있다.,,,,,,,
인공지능·소프트웨어융합대학,융합소프트웨어학부,인공지능전공,18623,1,문제정의,2,나는 인공지능 관점에서 문제를 파악할 수 있다.,,,,,,,
인공지능·소프트웨어융합대학,융합소프트웨어학부,인공지능전공,18623,1,문제정의,3,나는 인공지능 관점에서 문제를 정의할 수 있다.,,,,,,,
인공지능·소프트웨어융합대학,융합소프트웨어학부,인공지능전공,18623,2,융합역량,1,나는 인공지능 전공 이론과 지식에 대해 이해하고 있다.,,,,,,,
인공지능·소프트웨어융합대학,융합소프트웨어학부,인공지능전공,18623,2,융합역량,2,나는 인공지능 전공 이론과 지식을 인문적 소양과 융합할 수 있다.,,,,,,,
인공지능·소프트웨어융합대학,융합소프트웨어학부,인공지능전공,18623,2,융합역량,3,나는 인공지능 전공 이론과 지식 및 인문적 소양을 컴퓨터 데이터 관련 프로젝트에 활용할 수 있다.,,,,,,,
인공지능·소프트웨어융합대학,융합소프트웨어학부,인공지능전공,18623,3,창의설계,1,나는 최신의 인공지능 소프트웨어 도구에 대해 이해하고 있다.,,,,,,,
인공지능·소프트웨어융합대학,융합소프트웨어학부,인공지능전공,18623,3,창의설계,2,나는 최신의 인공지능 소프트웨어 도구들을 사용하여 인공지능 문제를 분석 및 설계를 할 수 있다.,,,,,,,
인공지능·소프트웨어융합대학,융합소프트웨어학부,인공지능전공,18623,3,창의설계,3,"나는 설계된 인공지능 시스템을 구현, 테스트할 수 있다.",,,,,,,
인공지능·소프트웨어융합대학,융합소프트웨어학부,인공지능전공,18623,4,데이터기술활용,1,나는 외국어로 된 인공지능 분야의 신기술 관련 서류 및 표준안 등을 이해할 수 있다. ,,,,,,,
인공지능·소프트웨어융합대학,융합소프트웨어학부,인공지능전공,18623,4,데이터기술활용,2,나는 논리적 모델링을 통해 주어진 인공지능 문제를 해결할 수 있다.,,,,,,,
인공지능·소프트웨어융합대학,융합소프트웨어학부,인공지능전공,18623,4,데이터기술활용,3,나는 프로젝트를 관리하고 운영 중 발생하는 문제를 해결할 수 있다.,,,,,,,
인공지능·소프트웨어융합대학,융합소프트웨어학부,인공지능전공,18623,5,협력적문제해결,1,나는 원활한 의사소통과 협동적 업무 처리에 대해 이해하고 있다.,,,,,,,
인공지능·소프트웨어융합대학,융합소프트웨어학부,인공지능전공,18623,5,협력적문제해결,2,나는 구성원들 간에 원활한 의사소통을 통하여 협동적으로 업무를 처리할 수 있다.,,,,,,,
인공지능·소프트웨어융합대학,융합소프트웨어학부,인공지능전공,18623,5,협력적문제해결,3,나는 외국어를 사용하여 외국인과 업무를 처리할 수 있다. ,,,,,,,
인공지능·소프트웨어융합대학,융합소프트웨어학부,인공지능전공,18623,6,사회의식,1,나는 인공지능 산업을 이해하고 있다.,,,,,,,
인공지능·소프트웨어융합대학,융합소프트웨어학부,인공지능전공,18623,6,사회의식,2,"나는 인공지능 산업 관련 윤리, 법률을 파악할 수 있다.",,,,,,,
인공지능·소프트웨어융합대학,융합소프트웨어학부,인공지능전공,18623,6,사회의식,3,"나는 인공지능 산업 관련 윤리, 법률을 적용할 수 있다.",,,,,,,
인공지능·소프트웨어융합대학,융합소프트웨어학부,인공지능전공,18623,7,빅데이터이해능력(인공지능·소프트웨어융합대학공통),1,나는 빅데이터를 분석하고 활용하며 프로그래밍할 수 있도록 융합소프트웨어의 기초적인 이론을 이해할 수 있다.,,,,,,,
인공지능·소프트웨어융합대학,융합소프트웨어학부,인공지능전공,18623,7,빅데이터이해능력(인공지능·소프트웨어융합대학공통),2,나는 빅데이터를 분석할 때 적합한 알고리즘을 선택하여 적용하는 과정을 이해할 수 있다.,,,,,,,
인공지능·소프트웨어융합대학,융합소프트웨어학부,인공지능전공,18623,7,빅데이터이해능력(인공지능·소프트웨어융합대학공통),3,나는 프로그래밍하고 분석한 빅데이터를 시각화하여 활용하는 과정을 이해할 수 있다.,,,,,,,
인공지능·소프트웨어융합대학,융합소프트웨어학부,인공지능전공,18623,8,창의적문제해결능력(인공지능·소프트웨어융합대학공통),1,나는 변화하는 기술환경에서 다양한 시각을 가지고 문제를 해결할 필요성을 이해할 수 있다.,,,,,,,
인공지능·소프트웨어융합대학,융합소프트웨어학부,인공지능전공,18623,8,창의적문제해결능력(인공지능·소프트웨어융합대학공통),2,나는 문제해결을 위해 창의적이고 논리적으로 사고할 수 있다.,,,,,,,
인공지능·소프트웨어융합대학,융합소프트웨어학부,인공지능전공,18623,8,창의적문제해결능력(인공지능·소프트웨어융합대학공통),3,나는 기존의 틀에서 벗어나 문제를 해결하기 위한 새로운 해결책을 제시할 수 있다.,,,,,,,
인공지능·소프트웨어융합대학,융합소프트웨어학부,인공지능전공,18623,9,협업및소통능력(인공지능·소프트웨어융합대학공통),1,나는 프로그래밍 과정에서의 다양한 분야의 전문가와 협력할 필요를 이해할 수 있다.,,,,,,,
인공지능·소프트웨어융합대학,융합소프트웨어학부,인공지능전공,18623,9,협업및소통능력(인공지능·소프트웨어융합대학공통),2,나는 자신의 아이디어를 명확하게 전달하고 다른 사람의 의견을 경청할 수 있다.,,,,,,,
인공지능·소프트웨어융합대학,융합소프트웨어학부,인공지능전공,18623,9,협업및소통능력(인공지능·소프트웨어융합대학공통),3,나는 다양한 분야의 전문가와 협력하고 소통하면서 프로젝트를 수행할 수 있다.,,,,,,,
인공지능·소프트웨어융합대학,융합소프트웨어학부,인공지능전공,18623,10,소프트웨어및데이터기본지식(융합소프트웨어학부공통),1,나는 소프트웨어 및 데이터와 관련된 기본 개념 및 지식에 대해 설명할 수 있다.,,,,,,,
인공지능·소프트웨어융합대학,융합소프트웨어학부,인공지능전공,18623,10,소프트웨어및데이터기본지식(융합소프트웨어학부공통),2,나는 소프트웨어 및 데이터와 관련된 기본 개념 및 지식을 적용하여 주어진 문제들을 해결할 수 있다.,,,,,,,
인공지능·소프트웨어융합대학,융합소프트웨어학부,인공지능전공,18623,10,소프트웨어및데이터기본지식(융합소프트웨어학부공통),3,나는 소프트웨어 및 데이터와 관련된 기본 개념 및 지식을 바탕으로 스스로 문제를 계획하고 설계할 수 있다.,,,,,,,
미래융합대학,,사회복지학과,17220,1,사회복지의 이해,1,"나는 사회복지의 개념, 목적, 가치, 역사 등에 관한 기초 지식들에 대하여 설명할 수 있다.",,,,,,,
미래융합대학,,사회복지학과,17220,1,사회복지의 이해,2,나는 인간 행동과 발달 및 이에 영향을 미치는 사회 체계 간의 상호작용에 대한 기본 개념을 설명할 수 있다.,,,,,,,
미래융합대학,,사회복지학과,17220,1,사회복지의 이해,3,나는 사회문제의 개념 및 문제를 바라보는 관점을 설명할 수 있다.,,,,,,,
미래융합대학,,사회복지학과,17220,2,커뮤니티 케어,1,"나는 우리 지역사회에 발생하는 여러 가지 문제들을 이해하고, 어떤 방식으로 문제 해결을 접근할 수 있는지 설명할 수 있다.",,,,,,,
미래융합대학,,사회복지학과,17220,2,커뮤니티 케어,2,"나는 지역 내 장애인과 노인, 의료서비스가 필요한 대상자들이 가진 문제가 어떤 것인지 이해하고 해결을 위한 대안을 도출할 수 있다.",,,,,,,
미래융합대학,,사회복지학과,17220,2,커뮤니티 케어,3,나는 여러 지역사회 문제 사례 분석을 통해 이를 해결할 수 있는 방안에 대해 분석할 수 있다.,,,,,,,
미래융합대학,,사회복지학과,17220,3,현대가족 변화의 대처,1,"나는 아동·청소년 복지에 관한 기초지식을 이해하고, 이와 관련된 문제들을 분석할 수 있다.",,,,,,,
미래융합대학,,사회복지학과,17220,3,현대가족 변화의 대처,2,"나는 건강한 가정의 중요성에 대해 이해하며, 이를 위해 필요한 정책의 한계점을 도출할 수 있다.",,,,,,,
미래융합대학,,사회복지학과,17220,3,현대가족 변화의 대처,3,나는 변화하는 현대 가족의 양상을 파악하여 일어날 수 있는 가정문제를 예방·개선하기 위한 방안을 도출할 수 있다. ,,,,,,,
미래융합대학,,사회복지학과,17220,4,사회복지 현장 적용,1,"나는 사회복지실천의 주요 개념, 가치, 다양한 실천기법을 활용하여 지역사회 문제 해결을 위한 대안을 도출할 수 있다.",,,,,,,
미래융합대학,,사회복지학과,17220,4,사회복지 현장 적용,2,나는 현장에서 사회복지실천 이론을 적용하여 주어진 업무를 수행할 수 있다.,,,,,,,
미래융합대학,,사회복지학과,17220,4,사회복지 현장 적용,3,"나는 도움을 필요로 하는 대상자에게 적합한 사회복지 서비스를 설계 및 개발, 피드백할 수 있다",,,,,,,
미래융합대학,,사회복지학과,17220,5,사회복지제도 활용 ,1,나는 다양한 사회복지 정책을 파악하여 주요 이슈들을 분석할 수 있다.,,,,,,,
미래융합대학,,사회복지학과,17220,5,사회복지제도 활용 ,2,"나는 사회복지법과 제도의 체계를 이해하고, 실천에 적용할 수 있다.",,,,,,,
미래융합대학,,사회복지학과,17220,5,사회복지제도 활용 ,3,나는 사회복지조직 환경과 행정체계를 파악하여 사회복지사로서 요구되는 행정 활동들을 수행할 수 있다.,,,,,,,
미래융합대학,,부동산학과,17230,1,부동산의 이해,1,"나는 부동산의 기초가 되는 부동산과 도시계획의 개념, 부동산과 관련된 여러 이론을 이해하여 설명할 수 있다.",,,,,,,
미래융합대학,,부동산학과,17230,1,부동산의 이해,2,"나는 부동산 개발과 투자, 거래에 관련한 여러 법의 주요 내용을 이해하여 설명할 수 있다.",,,,,,,
미래융합대학,,부동산학과,17230,1,부동산의 이해,3,"나는 부동산 중개업과 관련된 법률적, 경제적, 경영적 이론을 이해하고 설명할 수 있다.",,,,,,,
미래융합대학,,부동산학과,17230,2,부동산 시장 분석,1,"나는 부동산에 대한 수요가 어디에, 어떻게 형성되는지 부동산의 입지를 이해하고 분석할 수 있다.",,,,,,,
미래융합대학,,부동산학과,17230,2,부동산 시장 분석,2,나는 사례연구를 통해 부동산 시장에 대한 경제학적 분석을 할 수 있다.,,,,,,,
미래융합대학,,부동산학과,17230,2,부동산 시장 분석,3,나는 부동산을 대상으로 한 다양한 조사 방법을 이해하여 분석할 수 있다.,,,,,,,
미래융합대학,,부동산학과,17230,3,부동산 금융 투자 및 관리,1,"나는 부동산 여러 종류(오피스빌딩, 주택)의 유지·관리 등과 관련된 정책을 이해하고, 이의 개선점에 관해 설명할 수 있다",,,,,,,
미래융합대학,,부동산학과,17230,3,부동산 금융 투자 및 관리,2,"나는 부동산 개발 금융의 자금조달 방안을 이해하고, 복합 자산 포트폴리오의 적정자산배분, 위험관리 방안 등에 관해 논의할 수 있다.",,,,,,,
미래융합대학,,부동산학과,17230,3,부동산 금융 투자 및 관리,3,"나는 부동산의 투자 환경, 시장 분석을 통해 경제적 가치를 분석하고 평가할 수 있다.",,,,,,,
미래융합대학,,부동산학과,17230,4,부동산 제도 적용과 평가,1,나는 부동산 관련 조세의 체계를 이해하고 이를 실제로 적용할 수 있다.,,,,,,,
미래융합대학,,부동산학과,17230,4,부동산 제도 적용과 평가,2,"나는 부동산의 여러 종류(임대주택, 일반 주택, 토지)에 관련한 여러 제도를 이해하고, 각 제도들의 사업성 및 특성을 분석하고 평가할 수 있다.",,,,,,,
미래융합대학,,부동산학과,17230,4,부동산 제도 적용과 평가,3,"나는 앞으로의 부동산 시장에 영향을 미치는 여러 가지 요소들인 융복합 미래 도시, 고령화 사회를 고려하여 현재 부동산 제도 및 정책의 문제점과 개선사항을 도출할 수 있다.",,,,,,,
미래융합대학,,부동산학과,17230,5,부동산 개발 및 정비,1,나는 부동산의 경제적 가치를 분석하고 평가하는 이론을 학습함으로써 실제 상황에 적용할 수 있다.,,,,,,,
미래융합대학,,부동산학과,17230,5,부동산 개발 및 정비,2,"나는 도시정비 사업과 부동산 개발의 이론을 이해하고, 이를 활용할 수 있다.",,,,,,,
미래융합대학,,부동산학과,17230,5,부동산 개발 및 정비,3,나는 사례 연구를 통해 부동산 개발 컨설팅의 실제에 대해 논의할 수 있다.,,,,,,,
미래융합대학,,부동산학과,17230,6,부동산과 첨단기술 융합·응용,1,"나는 부동산 산업이 직면한 변화를 인식하고, 이와 관련된 다양한 공유경제 사례를 분석할 수 있다.",,,,,,,
미래융합대학,,부동산학과,17230,6,부동산과 첨단기술 융합·응용,2,나는 통계 이론을 바탕으로 부동산 거래 자료를 기반으로 쌓인 데이터를 분석할 수 있다.,,,,,,,
미래융합대학,,부동산학과,17230,6,부동산과 첨단기술 융합·응용,3,"나는 프롭테크 기업이 실무에서 적용하는 기술사례를 익히고, 이를 실무 현장에 활용할 수 있다.",,,,,,,
미래융합대학,,법무행정학과,17260,1,법과 행정의 이해,1,"나는 법 이론의 기초가 되는 대한민국 헌법과 민법, 형법의 판례를 통해 기본 원리, 적용 범위, 기능을 설명할 수 있다.",,,,,,,
미래융합대학,,법무행정학과,17260,1,법과 행정의 이해,2,"나는 행정학의 기본 개념을 파악하고, 정부와 행정을 구성하는 조직, 인사, 재무, 정책, 지방정부의 행정 이론과 현상에 관해 설명할 수 있다.",,,,,,,
미래융합대학,,법무행정학과,17260,1,법과 행정의 이해,3,나는 사례를 중심으로 국가행정 작용의 올바른 이해와 실질적 국민의 권익 보호를 위한 행정법의 이론과 기능에 관해 설명할 수 있다.,,,,,,,
미래융합대학,,법무행정학과,17260,2,법무.행정 탐구,1,나는 부동산공법과 관련된 여러 가지 법률에 대해 학습하고 이의 사용 관계를 규정하고 있는 행정 법규를 체계적으로 설명할 수 있다.,,,,,,,
미래융합대학,,법무행정학과,17260,2,법무.행정 탐구,2,나는 채권법의 개념 이해를 바탕으로 조문을 해석하고 우리 사회 속의 계약법의 기능과 작용에 관해 설명할 수 있다.,,,,,,,
미래융합대학,,법무행정학과,17260,2,법무.행정 탐구,3,"나는 현행 경제법, 가족제도법, 사회보장법제에 대한 이해를 대상으로 새로운 규제의 방향성을 제안할 수 있다.",,,,,,,
미래융합대학,,법무행정학과,17260,3,정책 분석 및 평가,1,나는 변화하는 사회와 관련된 형사 정책과 안전 정책의 이론을 학습하고 현 사회의 정책에 관해 비판적 고찰을 통해 앞으로 나아가야 할 방향을 제안할 수 있다.,,,,,,,
미래융합대학,,법무행정학과,17260,3,정책 분석 및 평가,2,"나는 행정 문제와 정책과학에 관한 과학적 조사를 수행하거나 결과를 활용하기 위한 기초 이론을 이해하고, 실제 자료 수집을 통해 조사와 분석을 할 수 있다.",,,,,,,
미래융합대학,,법무행정학과,17260,3,정책 분석 및 평가,3,"나는 정책 분석의 세 가지 차원에 관해 설명하고, 이를 구체적인 정책사례 분석에 적용할 수 있다.",,,,,,,
미래융합대학,,법무행정학과,17260,4,과학기술과 법의 응용,1,나는 변화하는 사회와 관련된 형사 정책과 안전 정책의 이론을 학습하고 현 사회의 정책에 관해 비판적 고찰을 통해 앞으로 나아가야 할 방향을 제안할 수 있다.,,,,,,,
미래융합대학,,법무행정학과,17260,4,과학기술과 법의 응용,2,"나는 교통, 운송, 정보, 인공지능 등과 연결이 되는 드론을 중심으로 과학기술과 법과 행정 간 주요 이론과 쟁점, 사례를 통해 드론 활용에 대한 법적 범위에 대하여 설명할 수 있다.",,,,,,,
미래융합대학,,법무행정학과,17260,4,과학기술과 법의 응용,3,나는 판례를 통해 과학기술과 관련된 법적 문제 등을 다루며 앞으로 미래 사회가 나아가야 할 법의 방향에 관해 제안할 수 있다.,,,,,,,
미래융합대학,,법무행정학과,17260,5,권리구제의 적용,1,나는 판례를 통해 민사 및 형사 분쟁의 전반적인 절차를 파악함으로써 소송주체들의 행동과 권한을 이해하고 구체적인 사례에 적용할 수 있다.,,,,,,,
미래융합대학,,법무행정학과,17260,5,권리구제의 적용,2,나는 헌법재판소의 판례 결정문을 통해 헌법재판의 종류와 절차를 이해하고 구체적인 사례에 적용할 수 있다.,,,,,,,
미래융합대학,,법무행정학과,17260,5,권리구제의 적용,3,나는 행정상 권리구제제도에 관한 이론과 판례를 중심으로 구체적인 사례에 적용할 수 있다.,,,,,,,
미래융합대학,,심리치료학과,17270,1,기초 심리의 이해,1,나는 인간의 생애주기에 이르는 모든 단계의 심리적 현상과 인간의 행동과 사고가 어떠한 영향을 미치는지에 대해 이해할 수 있다.,,,,,,,
미래융합대학,,심리치료학과,17270,1,기초 심리의 이해,2,나는 인간이 사회환경에서 환경의 영향이 어떠한 심리적인 영향을 미치는지 이해하고 설명할 수 있다.,,,,,,,
미래융합대학,,심리치료학과,17270,1,기초 심리의 이해,3,"나는 인간의 이상행동, 정신병리적 문제의 원인을 이해하고, 이를 심리학적과 신경학적으로 설명할 수 있다.",,,,,,,
미래융합대학,,심리치료학과,17270,2,심리 상담의 이해,1,나는 심리치료에 관한 여러 가지 이론을 설명할 수 있다.,,,,,,,
미래융합대학,,심리치료학과,17270,2,심리 상담의 이해,2,"나는 상담의 이론을 실제로 상담 기법을 적용함으로써 상담자 혹은 치료사로서의 자세, 역할, 치료 방법 등을 활용할 수 있다.",,,,,,,
미래융합대학,,심리치료학과,17270,2,심리 상담의 이해,3,"나는 임상현장에서 내담자들의 심리치료에 사용되는 다양한 심리검사를 실시하고, 이를 해석할 수 있다.",,,,,,,
미래융합대학,,심리치료학과,17270,3,심리지원 서비스,1,"나는 다양한 심리 치료 방식(놀이, 미술)과 관련한 치료사의 자세, 치료적 모델, 기법을 이해함으로써 이를 활용하여 심리 지원 서비스를 제공할 수 있다.",,,,,,,
미래융합대학,,심리치료학과,17270,3,심리지원 서비스,2,"나는 다양한 심리 치료 주제(중독, 진로)와 관련한 치료사의 자세, 치료적 모델, 기법을 이해함으로써 이와 관련된 주제의 심리 지원 서비스를 제공할 수 있다.",,,,,,,
미래융합대학,,심리치료학과,17270,3,심리지원 서비스,3,"나는 다양한 심리 치료 대상자(아동, 청소년, 성인, 노인, 부부, 가족, 특수 장애아동)와 관련한 대상자 그룹에 대한 이해, 치료사의 자세, 치료적 모델, 기법을 이해함으로써 이들을 위한 심리 지원 서비스를 제공할 수 있다.",,,,,,,
미래융합대학,,심리치료학과,17270,4,상담 현장 적용,1,"나는 심리치료 현장에서 활용 가능한 통계적 이론을 이해하고, 결과를 분석할 수 있다.",,,,,,,
미래융합대학,,심리치료학과,17270,4,상담 현장 적용,2,나는 심리치료 현장에 적용 가능한 프로그램을 개발하고 평가할 수 있다.,,,,,,,
미래융합대학,,심리치료학과,17270,4,상담 현장 적용,3,나는 상담의 실제 현장에서 점검해야 할 실제적인 사항들을 파악하고 이를 실제 상황에 적용할 수 있다.,,,,,,,
미래융합대학,,미래융합경영학과,17280,1,경영관리,1,나는 경영학과 관련한 기초 이론에 대해 설명할 수 있다.,,,,,,,
미래융합대학,,미래융합경영학과,17280,1,경영관리,2,나는 인사관리를 위한 기본 이론과 조직의 효율성 향상을 위한 방법론을 이해하여 이를 활용할 수 있다.,,,,,,,
미래융합대학,,미래융합경영학과,17280,1,경영관리,3,"나는 경영자가 갖추어야 할 다양한 경영전략의 전술, 전략의 기법을 이해하고 기본적인 윤리의식을 갖춘 기업가로서 기업을 관리할 수 있는 전략을 수립할 수 있다.",,,,,,,
미래융합대학,,미래융합경영학과,17280,2,기술 활용·분석,1,나는 기업경영에 필요한 시스템적 의사결정과정을 이해하여 관련된 기술을 활용할 수 있다.,,,,,,,
미래융합대학,,미래융합경영학과,17280,2,기술 활용·분석,2,나는 통계학의 기초 이론을 이해하여 다양한 경영 관련 빅데이터를 통계학적으로 분석할 수 있다.,,,,,,,
미래융합대학,,미래융합경영학과,17280,2,기술 활용·분석,3,나는 앞으로 4차 산업혁명시대를 이끌어 나갈 기술의 종류와 기능에 관한 학습을 통해 이를 경영 환경에 분석·활용할 수 있다.,,,,,,,
미래융합대학,,미래융합경영학과,17280,3,재무·회계,1,나는 자산에 따른 회계 처리 방법과 자본의 조달 및 운용에 관한 기본 이론 학습을 통해 업무를 수행할 수 있다.,,,,,,,
미래융합대학,,미래융합경영학과,17280,3,재무·회계,2,"나는 투자의 의사결정을 위한 기초 개념과 금융시장, 증권시장의 구조를 파악하여 포트폴리오를 분석할 수 있다.",,,,,,,
미래융합대학,,미래융합경영학과,17280,3,재무·회계,3,"나는 기업의 상황을 진단하고 경쟁력을 제고하기 위한 재무적 정보를 제공하고, 의사결정에 활용할 수 있다.",,,,,,,
미래융합대학,,미래융합경영학과,17280,4,시장 분석·커뮤니케이션,1,"나는 소비자 행동의 다양한 측면을 이해하고, 이를 마케팅에 활용함으로써 효과적으로 대응할 수 있다.",,,,,,,
미래융합대학,,미래융합경영학과,17280,4,시장 분석·커뮤니케이션,2,"나는 시장조사에 대한 기본 이론과 실제 조사 활동을 통해 아시아 시장을 이해하고, 데이터를 획득하고 분석하는 보고서를 작성할 수 있다.",,,,,,,
미래융합대학,,미래융합경영학과,17280,4,시장 분석·커뮤니케이션,3,"나는 유통과 관련된 전반적인 개념과 프로세스를 이해하고 유통기구의 유형과 기능, 유통기업 간 경쟁에서 생존전략을 수립할 수 있다.",,,,,,,
미래융합대학,,미래융합경영학과,17280,5,창의 융복합,1,"나는 조직의 경쟁전략 차원에서의 지식경영의 중요성에 관한 이해를 통해 조직과 조직문화의 구축, 인적자원의 통합과 연계, 정보기술을 바탕으로 지식을 창조, 공유할 수 있는 방안을 제안할 수 있다.",,,,,,,
미래융합대학,,미래융합경영학과,17280,5,창의 융복합,2,나는 데이터베이스와 소셜미디어를 활용한 마케팅 기법 학습을 통해 새로운 것과의 융합을 시도하는 경영자의 사례를 배우고 이를 위한 나만의 경영전략을 수립할 수 있다.,,,,,,,
미래융합대학,,미래융합경영학과,17280,5,창의 융복합,3,"나는 새로운 시장과 고객가치를 창출하는 스타트업에서 이슈 찾기, 솔루션 개발, 시장검증, 비즈니스모델 설계 등에 관한 전략을 수립할 수 있다.",,,,,,,
미래융합대학,,멀티디자인학과,17310,1,멀티디자인 기초의 이해,1,나는 스케치 및 다양한 디자인 표현 기법들을 활용하여 아이디어를 발상하고 시각화할 수 있다.,,,,,,,
미래융합대학,,멀티디자인학과,17310,1,멀티디자인 기초의 이해,2,나는 2D 디지털 툴을 활용하여 아이디어를 구현할 수 있다.,,,,,,,
미래융합대학,,멀티디자인학과,17310,1,멀티디자인 기초의 이해,3,나는 영상디자인의 다양한 디지털 매체들을 활용하여 아이디어를 구체화할 수 있다.,,,,,,,
미래융합대학,,멀티디자인학과,17310,2,멀티디자인 컨셉의 이해,1,나는 디자인 기획 및 제작 프로세스에 대하여 설명할 수 있다.,,,,,,,
미래융합대학,,멀티디자인학과,17310,2,멀티디자인 컨셉의 이해,2,"나는 디자인에서의 컨셉의 중요성을 알고, 다양한 사례들을 바탕으로 사용자의 경험에 대하여 조사 및 분석할 수 있다.",,,,,,,
미래융합대학,,멀티디자인학과,17310,2,멀티디자인 컨셉의 이해,3,나는 디자인의 기초가 되는 경험을 디자이너의 관점에서 어떻게 바라보고 연결시킬지 논의할 수 있다.,,,,,,,
미래융합대학,,멀티디자인학과,17310,3,멀티디자인 테크닉 활용,1,나는 컴퓨터그래픽과 관련된 다양한 툴을 활용하여 컨셉을 구체화시켜 제품화시키는 과정을 수행할 수 있다.,,,,,,,
미래융합대학,,멀티디자인학과,17310,3,멀티디자인 테크닉 활용,2,나는 시각 언어 기법을 활용하여 타이포그래피와 같은 기본 디자인 형식을 활용할 수 있다.,,,,,,,
미래융합대학,,멀티디자인학과,17310,3,멀티디자인 테크닉 활용,3,"나는 다양한 제품, 게임, 어패럴 등 다양한 분야의 디자인을 탐구하고, 각 특성에 맞게 아이디어를 시각화할 수 있다.",,,,,,,
미래융합대학,,멀티디자인학과,17310,4,멀티디자인 매니지먼트,1,나는 공공서비스를 대상으로 하는 다양한 주제의 디자인 전반의 기초 지식을 익히고 협업을 통해 시각화를 할 수 있다.,,,,,,,
미래융합대학,,멀티디자인학과,17310,4,멀티디자인 매니지먼트,2,나는 모바일을 중심으로 GUI 디자인 전반의 기초 지식을 익히고 협업을 통해 시각화를 할 수 있다.,,,,,,,
미래융합대학,,멀티디자인학과,17310,4,멀티디자인 매니지먼트,3,"나는 시장 경쟁력을 위한 디자인 마케팅 자료 조사, 분석을 통해 전략적으로 디자인을 기획할 수 있다.",,,,,,,
미래융합대학,,멀티디자인학과,17310,5,멀티디자인 프로젝트 운용,1,나는 아이디어 발상부터 시각화에 이르기까지 전체적인 디자인 프로세스에 필요한 레이아웃을 기획할 수 있다.,,,,,,,
미래융합대학,,멀티디자인학과,17310,5,멀티디자인 프로젝트 운용,2,나는 다양한 매체를 활용하여 그동안 완성된 작품들을 체계적으로 정리하여 개별 포트폴리오를 제작할 수 있다.,,,,,,,
미래융합대학,,멀티디자인학과,17310,5,멀티디자인 프로젝트 운용,3,나는 다양한 목적에 따른 디자인 시각화 프리젠테이션의 전략과 기법을 활용하여 상대방을 설득할 수 있다.,,,,,,,
화학·생명과학대학,,물리학과,15808,1,원리탐구,1,나는 물리학에 관련된 기본 과학 원리를 이해할 수 있다.,,,,,,,
화학·생명과학대학,,물리학과,15808,1,원리탐구,2,나는 물리학과 관련된 현상에 대한 과학적 원리를 탐구할 수 있다.,,,,,,,
화학·생명과학대학,,물리학과,15808,1,원리탐구,3,나는 물리학과 관련된 기본 과학 원리를 응용할 수 있다.,,,,,,,
화학·생명과학대학,,물리학과,15808,2,실험분석,1,나는 물리학 기본 이론을 바탕으로 실험에 대해 이해할 수 있다.,,,,,,,
화학·생명과학대학,,물리학과,15808,2,실험분석,2,나는 물리학 기본 이론을 바탕으로 실험을 수행할 수 있다.,,,,,,,
화학·생명과학대학,,물리학과,15808,2,실험분석,3,나는 물리학 기본 이론을 바탕으로 실험 결과를 분석하고 결론을 도출할 수 있다.,,,,,,,
화학·생명과학대학,,물리학과,15808,3,응용설계,1,나는 물리학 기본 이론을 바탕으로 한 기술개발에 대해 이해하고 있다.,,,,,,,
화학·생명과학대학,,물리학과,15808,3,응용설계,2,나는 물리학 기본 이론을 바탕으로 한 기술개발 및 적용을 할 수 있다.,,,,,,,
화학·생명과학대학,,물리학과,15808,3,응용설계,3,나는 물리학 기본 이론을 바탕으로 이를 응용한 기술개발 및 적용을 할 수 있다.,,,,,,,
화학·생명과학대학,,물리학과,15808,4,융합과학사고력,1,나는 물리학을 포함한 과학에 대한 열린 사고를 할 수 있다.,,,,,,,
화학·생명과학대학,,물리학과,15808,4,융합과학사고력,2,나는 물리학을 포함한 과학에 대한 토론을 통해 지식을 습득할 수 있다.,,,,,,,
화학·생명과학대학,,물리학과,15808,4,융합과학사고력,3,나는 물리학을 포함한 과학에 여러 분야 과학지식을 융합하여 지식과 기술을 확장할 수 있다.,,,,,,,
화학·생명과학대학,화학·에너지융합학부,화학나노학전공,15811,1,화학 및 나노 기초 이해,1,나는 일반화학 및 나노학의 내용을 이해 한다,전공능력명 및 진단문항 수정,,,,,,
화학·생명과학대학,화학·에너지융합학부,화학나노학전공,15811,1,화학 및 나노 기초 이해,2,나는 일반화학 및 나노학의 학습내용을 새로운 물질을 이해 하기 위해 적용 가능하다,전공능력명 및 진단문항 수정,,,,,,
화학·생명과학대학,화학·에너지융합학부,화학나노학전공,15811,1,화학 및 나노 기초 이해,3,나는 일반화학과 나노학의 내용을 물질의 분석과 성질 조절을 위해 활용 한다,전공능력명 및 진단문항 수정,,,,,,
화학·생명과학대학,화학·에너지융합학부,화학나노학전공,15811,2,물질구성원리및특성분석,1,나는 화학 및 나노학의 기초 과목을 이해 한다,진단문항 수정,,,,,,
화학·생명과학대학,화학·에너지융합학부,화학나노학전공,15811,2,물질구성원리및특성분석,2,나는 화합물과 나노상 물질의 구성 원리 및 분석 방법 이해에 적용 가능하다,진단문항 수정,,,,,,
화학·생명과학대학,화학·에너지융합학부,화학나노학전공,15811,2,물질구성원리및특성분석,3,나는 화합물과 나노상 물질의 성질 변화와 분석 및 분류가 가능하다,진단문항 수정,,,,,,
화학·생명과학대학,화학·에너지융합학부,화학나노학전공,15811,3,화학반응(합성)수행,1,나는 화합물과 나노상 물질의 합성 과정을 이해 한다,진단문항 수정,,,,,,
화학·생명과학대학,화학·에너지융합학부,화학나노학전공,15811,3,화학반응(합성)수행,2,나는 화합물 합성의 과정을 새로운 물질 합성/분석에 적용 할 수 있다,진단문항 수정,,,,,,
화학·생명과학대학,화학·에너지융합학부,화학나노학전공,15811,3,화학반응(합성)수행,3,나는 특정한 물성을 얻기 위해 화합물과 나노상 물질의 합성을 활용 할 수 있다,진단문항 수정,,,,,,
화학·생명과학대학,화학·에너지융합학부,화학나노학전공,15811,4,합성설계제안,1,"나는 지속 성장을 위해 체계화된 개발 프로세스를 통하여 내ㆍ외부환경과 역량을 파악하여 새로운 물질을 도출하고, 개발계획을 수립할 수 있다. ",진단문항 수정,,,,,,
화학·생명과학대학,화학·에너지융합학부,화학나노학전공,15811,4,합성설계제안,2,"나는 유기물, 무기물, 나노상 및 바이오 원료를 여러 공정을 통하여 복합재료를 제조하기 위한 과정의 연구를 수행할 수 있다.",진단문항 수정,,,,,,
화학·생명과학대학,화학·에너지융합학부,화학나노학전공,15811,4,합성설계제안,3,나는 바이오/에너지/나노 융복합 연구 역량 증진을 위해 유-무기 합성시스템을 활용할 수 있다.,진단문항 수정,,,,,,
화학·생명과학대학,화학·에너지융합학부,융합에너지학전공,15812,1,원리탐구,1,나는 에너지 전환과 저장에 필요한 과학적 원리를 이해할 수 있다.,진단문항 수정,,,,,,
화학·생명과학대학,화학·에너지융합학부,융합에너지학전공,15812,1,원리탐구,2,나는 에너지 시스템에서 발생하는 현상을 과학적으로 분석하여 설명할 수 있다.,진단문항 수정,,,,,,
화학·생명과학대학,화학·에너지융합학부,융합에너지학전공,15812,1,원리탐구,3,나는 에너지 문제 해결에 필요한 과학적 원리를 창의적으로 응용할 수 있다.,진단문항 수정,,,,,,
화학·생명과학대학,화학·에너지융합학부,융합에너지학전공,15812,2,실험분석,1,나는 에너지 실험 장비와 측정 기법에 대해 이해하고 설명할 수 있다.,진단문항 수정,,,,,,
화학·생명과학대학,화학·에너지융합학부,융합에너지학전공,15812,2,실험분석,2,나는 실험 데이터를 기반으로 에너지 시스템 성능을 분석할 수 있다.,진단문항 수정,,,,,,
화학·생명과학대학,화학·에너지융합학부,융합에너지학전공,15812,2,실험분석,3,나는 실험 결과를 바탕으로 에너지 기술 설계 및 개선 방향을 제안할 수 있다.,진단문항 수정,,,,,,
화학·생명과학대학,화학·에너지융합학부,융합에너지학전공,15812,3,응용설계,1,나는 에너지 시스템 설계를 위한 기본 이론과 원리를 이해할 수 있다.,진단문항 수정,,,,,,
화학·생명과학대학,화학·에너지융합학부,융합에너지학전공,15812,3,응용설계,2,나는 에너지 효율화를 위한 기술 설계를 수행할 수 있다.,진단문항 수정,,,,,,
화학·생명과학대학,화학·에너지융합학부,융합에너지학전공,15812,3,응용설계,3,나는 복잡한 에너지 문제를 해결하기 위해 다양한 기술을 융합하여 설계할 수 있다.,진단문항 수정,,,,,,
화학·생명과학대학,화학·에너지융합학부,융합에너지학전공,15812,4,융합과학사고력,1,나는 에너지 전환과 관련된 여러 학문적 개념을 통합적으로 이해할 수 있다.,진단문항 수정,,,,,,
화학·생명과학대학,화학·에너지융합학부,융합에너지학전공,15812,4,융합과학사고력,2,나는 에너지 문제 해결을 위해 다양한 학문의 지식을 융합하여 적용할 수 있다.,진단문항 수정,,,,,,
화학·생명과학대학,화학·에너지융합학부,융합에너지학전공,15812,4,융합과학사고력,3,나는 융합적 사고를 통해 새로운 에너지 기술이나 시스템을 제안할 수 있다.,진단문항 수정,,,,,,
화학·생명과학대학,융합바이오학부,식품영양학전공,15821,1,식품영양기초이해,1,나는 식품영양 연구 및 관리를 수행하기 위한 기초 영양성분에 대해 설명할 수 있다.,진단문항 수정,,,,,,
화학·생명과학대학,융합바이오학부,식품영양학전공,15821,1,식품영양기초이해,2,"나는 식품영양 연구 및 관리를 수행하기 위한 식품의 화학적, 영양적 특성에 대해 설명할 수 있다.",진단문항 수정,,,,,,
화학·생명과학대학,융합바이오학부,식품영양학전공,15821,1,식품영양기초이해,3,나는 식품영양 연구 및 관리를 수행하기 위한 식품과 인체의 생물학적 상호작용을 설명할 수 있다.,진단문항 수정,,,,,,
화학·생명과학대학,융합바이오학부,식품영양학전공,15821,2,영양관리,1,나는 커뮤니티 영양관리 대상자의 영양상태를 파악할 수 있다. ,,,,,,,
화학·생명과학대학,융합바이오학부,식품영양학전공,15821,2,영양관리,2,"나는 기호, 영양 필요량, 비용, 조리역량 등을 고려하여 영양관리 계획을 수립할 수 있다.",,,,,,,
화학·생명과학대학,융합바이오학부,식품영양학전공,15821,2,영양관리,3,나는 질병 기전 및 각 질환의 영양관련 문제를 이해하고 이를 임상영양관리에 응용하여 질환별 환자식을 위한 식단을 짜고 조리 및 공급을 계획할 수 있다.,진단문항 수정,,,,,,
화학·생명과학대학,융합바이오학부,식품영양학전공,15821,3,식품산업관리,1,"나는 식품 재료 및 제품의 안전성, 영양성분을 분석기기를 사용하여 분석할 수 있다. ",,,,,,,
화학·생명과학대학,융합바이오학부,식품영양학전공,15821,3,식품산업관리,2,"나는 식품의 화학적, 물리적, 영양적 정보를 수집할 수 있다.",,,,,,,
화학·생명과학대학,융합바이오학부,식품영양학전공,15821,3,식품산업관리,3,"나는 구매관리부터 위생관리, 마케팅 관리까지 푸드서비스 제공 과정 전반을 이해하고 수행할 수 있다.",,,,,,,
화학·생명과학대학,융합바이오학부,식품영양학전공,15821,4,식품영양융합,1,"나는 식품 가공과정의 물리적, 화학적, 생물학적 요소를 설명할 수 있다.",진단문항 순서변경(2→1),,,,,,
화학·생명과학대학,융합바이오학부,식품영양학전공,15821,4,식품영양융합,2,나는 식품 특성과 영양에 대한 이해를 바탕으로 조리과학실험을 수행하며 식품 조리과정에서 발생하는 과학적 변화를 관찰하고 영양적 방법의 차이를 설명할 수 있다.,진단문항 순서변경(1→2),,,,,,
화학·생명과학대학,융합바이오학부,식품영양학전공,15821,4,식품영양융합,3,나는 보건사업의 특성과 보건의료체계에 대한 이해를 바탕으로 국민건강실천사업의 4대 주제를 중심으로 보건연구 및 보건교육을 기획하고 수행할 수 있다. ,,,,,,,
화학·생명과학대학,융합바이오학부,시스템생명과학전공,15822,1,생명과학기초이해,1,나는 기초생명과학 분석시험을 수행하기 위한 식물과학 및 생명현상의 기본 개념 및 이론을 설명할 수 있다.,,,,,,,
화학·생명과학대학,융합바이오학부,시스템생명과학전공,15822,1,생명과학기초이해,2,나는 기초생명과학 분석시험을 수행하기 위한 의생명과학의 기본 개념 및 이론을 설명할 수 있다. ,,,,,,,
화학·생명과학대학,융합바이오학부,시스템생명과학전공,15822,1,생명과학기초이해,3,나는 기초생명과학 분석시험 수행에 필요한 컴퓨터 프로그램 언어를 이해하고 분석 프로그램을 사용할 수 있다. ,,,,,,,
화학·생명과학대학,융합바이오학부,시스템생명과학전공,15822,2,생명과학연구수행,1,"나는 연구수행에 사용되는 시약, 기기, 기구 등을 준비하여 식물과학과 생명현상 분석시험을 수행하고 분석결과를 설명할 수 있다.",,,,,,,
화학·생명과학대학,융합바이오학부,시스템생명과학전공,15822,2,생명과학연구수행,2,"나는 연구수행에 사용되는 시약, 기기, 기구 등을 준비하여 의생명과학 분야 분석시험을 수행하고 분석결과를 설명할 수 있다. ",,,,,,,
화학·생명과학대학,융합바이오학부,시스템생명과학전공,15822,2,생명과학연구수행,3,나는 생명과학 실험 데이터에 대해 분석 프로그램을 활용하여 내용을 분석하고 검토하여 결과를 판정할 수 있다. ,,,,,,,
화학·생명과학대학,융합바이오학부,시스템생명과학전공,15822,3,생명과학응용,1,나는 바이오 융합 분야에서 생산된 다양한 정보들을 분석하고 실무 관련한 연구를 수행할 수 있다. ,,,,,,,
화학·생명과학대학,융합바이오학부,시스템생명과학전공,15822,3,생명과학응용,2,나는 유전자의 구조 및 발현 조절 메커니즘 이해와 생명공학의 최신 기술을 통해 생명과학 연구에 응용할 수 있다. ,,,,,,,
화학·생명과학대학,융합바이오학부,시스템생명과학전공,15822,3,생명과학응용,3,"나는 유전체 구조, 정보 해독등의 생명정보학의 이해를 바탕으로 실험 수행시 실험데이터에 따라 적정한 데이터 분석 방법을 제시할 수 있다. ",,,,,,,
반도체·ICT대학,컴퓨터정보통신공학부,정보통신공학전공,15612,1,정보통신산업의이해,1,나는 정보통신분야 핵심분야의 기술적 특성과 업무 특성에 대해 설명할 수 있다.,,,,,,,
반도체·ICT대학,컴퓨터정보통신공학부,정보통신공학전공,15612,1,정보통신산업의이해,2,"나는 정보통신 핵심기술 요구사항에 대해 분석기술을 활용하여 주어진 제한 조건을 확인하고 설계 대상 정보통신 관련 디바이스/플랫폼의 필요한 스펙, 기술, 적합성 등을 분석할 수 있다. ",,,,,,,
반도체·ICT대학,컴퓨터정보통신공학부,정보통신공학전공,15612,1,정보통신산업의이해,3,나는 컴퓨터 프로그램 언어로 응용SW의 기능을 각종 업무에 응용할 수 있다.,,,,,,,
반도체·ICT대학,컴퓨터정보통신공학부,정보통신공학전공,15612,2,ICT설계기초,1,나는 데이터의 수식을 계산하고 그래프와 테이블을 해석하여 문제를 해결하는 방법을 설명할 수 있다. ,,,,,,,
반도체·ICT대학,컴퓨터정보통신공학부,정보통신공학전공,15612,2,ICT설계기초,2,"나는 회로설계에 관한 지식을 바탕으로 ICT융합형제품/서비스를 개발하기 위한 아날로그/디지털 회로를 설계·검증하고, 솔루션 개발을 수행할 수있다. ",,,,,,,
반도체·ICT대학,컴퓨터정보통신공학부,정보통신공학전공,15612,2,ICT설계기초,3,"나는 통신시스템기술에 관한 이해를 바탕으로 통신 시스템을 설계 및 고도화, 사물인터넷기술에 관한 이해를 바탕으로 IoT& Device 기술개발 및 사업화를 지원할 수 있다. ",,,,,,,
반도체·ICT대학,컴퓨터정보통신공학부,정보통신공학전공,15612,3,ICT구현및구축,1,"나는 통신과 SW기술에 대한 지식을 바탕으로 ICT제품, 정보통신기술서비스 및 플랫폼을 구현하기 위해 디바이스/플랫폼 기술을 개발할 수 있다.",,,,,,,
반도체·ICT대학,컴퓨터정보통신공학부,정보통신공학전공,15612,3,ICT구현및구축,2,"나는 DB에 관한 지식을 바탕으로 데이터베이스를 설계, 구축하고 성능을 관리하고 대용량 데이터를 활용하기 위한 솔루션을 개발할 수 있다. ",,,,,,,
반도체·ICT대학,컴퓨터정보통신공학부,정보통신공학전공,15612,3,ICT구현및구축,3,나는 AI기술에 관한 지식을 바탕으로 고객의 사업 경쟁력을 높이는 분야별 서비스 개발 및 인공지능 핵심기술을 개발할 수 있다. ,,,,,,,
반도체·ICT대학,컴퓨터정보통신공학부,정보통신공학전공,15612,4,ICT서비스운용및관리,1,"나는 정보보안 지식에 대한 이해를 바탕으로 통신시스템 정보보호를 위한 관리적, 기술적 보호조치 및 보안리스크관리를 수행하고 블록체인 분야에 응용할 수 있다. ",,,,,,,
반도체·ICT대학,컴퓨터정보통신공학부,정보통신공학전공,15612,4,ICT서비스운용및관리,2,나는 SW기술에 관한 지식을 바탕으로 소프트웨어가 활용된 통신 시스템의 소프트웨어를 관리하여 개선할 수 있다. ,,,,,,,
반도체·ICT대학,컴퓨터정보통신공학부,정보통신공학전공,15612,4,ICT서비스운용및관리,3,나는 통신운용기술에 관한 이해를 바탕으로 각종 통신서비스 운영/관리 업무를 수행할 수 있다. ,,,,,,,
스포츠예술대학,디자인학부,비주얼커뮤니케이션디자인전공,17611,1,디자인기초(비주얼커뮤니케이션디자인전공),1,나는 디자인 기초이론과 표현기법을 이해하고 있다.,진단문한 수정,,,,,,
스포츠예술대학,디자인학부,비주얼커뮤니케이션디자인전공,17611,1,디자인기초(비주얼커뮤니케이션디자인전공),2,나는 디자인 구현과정에서 디자인 기초이론과 디자인 표현기법을 적용할 수 있다.,진단문한 수정,,,,,,
스포츠예술대학,디자인학부,비주얼커뮤니케이션디자인전공,17611,1,디자인기초(비주얼커뮤니케이션디자인전공),3,나는 디자인 구현에 필요한 다양한 디자인 소프트웨어를 활용할 수 있다. ,진단문한 수정,,,,,,
스포츠예술대학,디자인학부,비주얼커뮤니케이션디자인전공,17611,2,디자인컨셉시각화(비주얼커뮤니케이션디자인전공),1,나는 컨셉 시각화에 필요한 기본적인 디자인 기법을 이해하고 있다.,진단문한 수정,,,,,,
스포츠예술대학,디자인학부,비주얼커뮤니케이션디자인전공,17611,2,디자인컨셉시각화(비주얼커뮤니케이션디자인전공),2,나는 적절한 디자인 기법을 아이디어 컨셉 시각화에 적용할 수 있다,진단문한 수정,,,,,,
스포츠예술대학,디자인학부,비주얼커뮤니케이션디자인전공,17611,2,디자인컨셉시각화(비주얼커뮤니케이션디자인전공),3,나는 컨셉 시각화에 필요한 다양한 디자인 요소와 매체를 활용할 수 있다.,진단문한 수정,,,,,,
스포츠예술대학,디자인학부,비주얼커뮤니케이션디자인전공,17611,3,디자인프로세스구현(비주얼커뮤니케이션디자인전공),1,나는 디자인 프로젝트 구현을 위한 개괄적인 디자인 프로세스를 이해하고 있다.,진단문한 수정,,,,,,
스포츠예술대학,디자인학부,비주얼커뮤니케이션디자인전공,17611,3,디자인프로세스구현(비주얼커뮤니케이션디자인전공),2,나는 적절한 디자인 요소와 기법을 적용하여 디자인 프로세스를 기획할 수 있다.,진단문한 수정,,,,,,
스포츠예술대학,디자인학부,비주얼커뮤니케이션디자인전공,17611,3,디자인프로세스구현(비주얼커뮤니케이션디자인전공),3,나는 프로젝트의 특성에 맞게 적합한 디자인 프로세스를 활용할 수 있다.,진단문한 수정,,,,,,
스포츠예술대학,디자인학부,비주얼커뮤니케이션디자인전공,17611,4,디자인실무연계(비주얼커뮤니케이션디자인전공),1,나는 목적에 부합하는 개성있는 디자인 프로젝트를 기획할 수 있다.,진단문한 수정,,,,,,
스포츠예술대학,디자인학부,비주얼커뮤니케이션디자인전공,17611,4,디자인실무연계(비주얼커뮤니케이션디자인전공),2,나는 디자인 프로젝트 구현에 필요한 디자인 요소와 기법을 효과적으로 적용할 수 있다.,진단문한 수정,,,,,,
스포츠예술대학,디자인학부,비주얼커뮤니케이션디자인전공,17611,4,디자인실무연계(비주얼커뮤니케이션디자인전공),3,나는 디자인 프로젝트를 기획 및 제작하고 효과적으로 전달(발표)할 수 있다.,진단문한 수정,,,,,,
스포츠예술대학,디자인학부,비주얼커뮤니케이션디자인전공,17611,5,진로설계(비주얼커뮤니케이션디자인전공),1,나는 진로설계에 맞는 디자인 분야를 이해하고 있다.,진단문한 수정,,,,,,
스포츠예술대학,디자인학부,비주얼커뮤니케이션디자인전공,17611,5,진로설계(비주얼커뮤니케이션디자인전공),2,나는 다양한 디자인 역량과 기법을 진로설계에 적용할 수 있다.,진단문한 수정,,,,,,
스포츠예술대학,디자인학부,비주얼커뮤니케이션디자인전공,17611,5,진로설계(비주얼커뮤니케이션디자인전공),3,나는 진로설계에 필요한 포트폴리오를 제작 및 활용할 수 있다.,진단문한 수정,,,,,,
스포츠예술대학,디자인학부,비주얼커뮤니케이션디자인전공,17611,6,디자인기본원리(디자인학부공통),1,"나는 조형 요소, 색채, 조화, 강조 등 디자인의 기본 원리를 이해 할 수 있다.",학부 공통 전공능력 신설,,,,,,
스포츠예술대학,디자인학부,비주얼커뮤니케이션디자인전공,17611,6,디자인기본원리(디자인학부공통),2,"나는 조형 요소, 색채, 조화, 강조 등을 감각적으로 디자인에 적용할 수 있다.",학부 공통 전공능력 신설,,,,,,
스포츠예술대학,디자인학부,비주얼커뮤니케이션디자인전공,17611,6,디자인기본원리(디자인학부공통),3,나는 디자인된 요소를 효과적으로 작업물에 활용 할 수 있다.,학부 공통 전공능력 신설,,,,,,
스포츠예술대학,디자인학부,비주얼커뮤니케이션디자인전공,17611,7,창의적사고능력(디자인학부공통),1,나는 아이디어 창출을 위해 창의적으로 생각할 수 있다.,학부 공통 전공능력 신설,,,,,,
스포츠예술대학,디자인학부,비주얼커뮤니케이션디자인전공,17611,7,창의적사고능력(디자인학부공통),2,나는 독창적인 아이디어를 창출 할 수 있다.,학부 공통 전공능력 신설,,,,,,
스포츠예술대학,디자인학부,비주얼커뮤니케이션디자인전공,17611,7,창의적사고능력(디자인학부공통),3,나는 독창적 아이디어를 바탕으로 결과물을 창조 할 수 있다.,학부 공통 전공능력 신설,,,,,,
스포츠예술대학,디자인학부,인더스트리얼디자인전공,17612,1,디자인기초(인더스트리얼디자인전공),1,나는 스케치 및 다양한 디자인 표현기법에 대해 이해하고 있다.,,,,,,,
스포츠예술대학,디자인학부,인더스트리얼디자인전공,17612,1,디자인기초(인더스트리얼디자인전공),2,나는 스케치 및 다양한 디자인 표현기법을 활용하여 아이디어를 발상하고 구체화 시킬 수 있다.,,,,,,,
스포츠예술대학,디자인학부,인더스트리얼디자인전공,17612,1,디자인기초(인더스트리얼디자인전공),3,나는 디자인 소프트웨어를 활용하여 자신의 아이디어를 2D 혹은 3D로 구현할 수 있다.,,,,,,,
스포츠예술대학,디자인학부,인더스트리얼디자인전공,17612,2,디자인컨셉기획(인더스트리얼디자인전공),1,나는 인간에 대한 이해를 바탕으로 아이디어를 도출하고 이를 컨셉에 반영할 수 있다.,,,,,,,
스포츠예술대학,디자인학부,인더스트리얼디자인전공,17612,2,디자인컨셉기획(인더스트리얼디자인전공),2,"나는 환경적, 경제적, 사회적 측면에서 지속가능한 미래를 구축할 수 있도록 디자인 관점에서 고찰하여 컨셉에 반영할 수 있다.",,,,,,,
스포츠예술대학,디자인학부,인더스트리얼디자인전공,17612,2,디자인컨셉기획(인더스트리얼디자인전공),3,"나는 문화, 기술, 인간에 대한 리서치를 바탕으로 디자인 방향을 설정하여 차별화된 컨셉을 도출할 수 있다.",,,,,,,
스포츠예술대학,디자인학부,인더스트리얼디자인전공,17612,3,디자인프로세스수행(인더스트리얼디자인전공),1,나는 아이디어 발상에서부터 컨셉의 구현에 이르는 디자인 프로세스를 이해하고 이를 활용하여 프로젝트를 수행할 수 있다.,,,,,,,
스포츠예술대학,디자인학부,인더스트리얼디자인전공,17612,3,디자인프로세스수행(인더스트리얼디자인전공),2,"나는 제품의 소재, 색상, 마감과 더불어 생산과 공정을 고려한 디자인을 프로젝트에 적용할 수 있다.",,,,,,,
스포츠예술대학,디자인학부,인더스트리얼디자인전공,17612,3,디자인프로세스수행(인더스트리얼디자인전공),3,나는 디자인 프로세스 전반을 이해하고 다양한 분야의 디자인 프로젝트에 응용할 수 있다. ,,,,,,,
스포츠예술대학,디자인학부,인더스트리얼디자인전공,17612,4,디자인융합(인더스트리얼디자인전공),1,나는 제품을 시스템적 관점에서 바라보고 근원적인 문제해결을 위해 목적에 가장 부합하는 디자인을 할 수 있다.,,,,,,,
스포츠예술대학,디자인학부,인더스트리얼디자인전공,17612,4,디자인융합(인더스트리얼디자인전공),2,나는 다양한 분야를 고려하는 융합적 사고를 통해 복잡한 사회문제를 해결할 수 있는 컨셉을 도출하여 프로젝트를 수행할 수 있다.,,,,,,,
스포츠예술대학,디자인학부,인더스트리얼디자인전공,17612,4,디자인융합(인더스트리얼디자인전공),3,나는 사용자와 제품 혹은 서비스 사이의 상호작용을 이해하고 이를 고려하여 사용자 경험 증진을 위한 디자인을 할 수 있다.,,,,,,,
스포츠예술대학,디자인학부,인더스트리얼디자인전공,17612,5,디자인실무수행(인더스트리얼디자인전공),1,나는 자신이 수행한 디자인 프로젝트를 자신만의 방식으로 기획할 수 있다.,,,,,,,
스포츠예술대학,디자인학부,인더스트리얼디자인전공,17612,5,디자인실무수행(인더스트리얼디자인전공),2,나는 수행한 디자인 프로젝트를 정리하여 효과적으로 프레젠테이션 할 수 있다.,,,,,,,
스포츠예술대학,디자인학부,인더스트리얼디자인전공,17612,5,디자인실무수행(인더스트리얼디자인전공),3,나는 디자인 프로젝트를 기획에서부터 최종 완성까지 수행할 수 있으며 최종 작업물을 이용한 전시회를 진행할 수 있다.,,,,,,,
스포츠예술대학,디자인학부,인더스트리얼디자인전공,17612,6,디자인기본원리(디자인학부공통),1,"나는 조형 요소, 색채, 조화, 강조 등 디자인의 기본 원리를 이해 할 수 있다.",학부 공통 전공능력 신설,,,,,,
스포츠예술대학,디자인학부,인더스트리얼디자인전공,17612,6,디자인기본원리(디자인학부공통),2,"나는 조형 요소, 색채, 조화, 강조 등을 감각적으로 디자인에 적용할 수 있다.",학부 공통 전공능력 신설,,,,,,
스포츠예술대학,디자인학부,인더스트리얼디자인전공,17612,6,디자인기본원리(디자인학부공통),3,나는 디자인된 요소를 효과적으로 작업물에 활용 할 수 있다.,학부 공통 전공능력 신설,,,,,,
스포츠예술대학,디자인학부,인더스트리얼디자인전공,17612,7,창의적사고능력(디자인학부공통),1,나는 아이디어 창출을 위해 창의적으로 생각할 수 있다.,학부 공통 전공능력 신설,,,,,,
스포츠예술대학,디자인학부,인더스트리얼디자인전공,17612,7,창의적사고능력(디자인학부공통),2,나는 독창적인 아이디어를 창출 할 수 있다.,학부 공통 전공능력 신설,,,,,,
스포츠예술대학,디자인학부,인더스트리얼디자인전공,17612,7,창의적사고능력(디자인학부공통),3,나는 독창적 아이디어를 바탕으로 결과물을 창조 할 수 있다.,학부 공통 전공능력 신설,,,,,,
스포츠예술대학,디자인학부,영상애니메이션디자인전공,17613,1,영상애니메이션디자인이해(영상애니메이션디자인전공),1,나는 디지털 영상 및 디자인 콘텐츠 제작의 기초 개념과 주요 이론을 이해할 수 있다.,전공능력명 및 진단문항 수정,,,,,,
스포츠예술대학,디자인학부,영상애니메이션디자인전공,17613,1,영상애니메이션디자인이해(영상애니메이션디자인전공),2,나는 기본 디자인 원리를 적용하여 디지털 영상 및 디자인 콘텐츠를 기획할 수 있다.,전공능력명 및 진단문항 수정,,,,,,
스포츠예술대학,디자인학부,영상애니메이션디자인전공,17613,1,영상애니메이션디자인이해(영상애니메이션디자인전공),3,나는 디지털 영상 및 디자인 콘텐츠 제작에 콘텐츠 제작 기초 개념과 주요 디자인 이론을 활용할 수 있다.,전공능력명 및 진단문항 수정,,,,,,
스포츠예술대학,디자인학부,영상애니메이션디자인전공,17613,2,영상애니메이션디자인적용(영상애니메이션디자인전공),1,나는 디지털 영상 및 디자인 콘텐츠의 기획·설계 원리와 제작 프로세스를 이해할 수 있다.,전공능력명 및 진단문항 수정,,,,,,
스포츠예술대학,디자인학부,영상애니메이션디자인전공,17613,2,영상애니메이션디자인적용(영상애니메이션디자인전공),2,나는 디지털 영상 및 디자인 콘텐츠 기획 및 설계에 소프트웨어 기술을 적용 할 수 있다 ,전공능력명 및 진단문항 수정,,,,,,
스포츠예술대학,디자인학부,영상애니메이션디자인전공,17613,2,영상애니메이션디자인적용(영상애니메이션디자인전공),3,나는 소프트웨어 및 기술을 활용하여 디지털 영상 및 디자인 콘텐츠 제작 작업을 수행할 수 있다.,전공능력명 및 진단문항 수정,,,,,,
스포츠예술대학,디자인학부,영상애니메이션디자인전공,17613,3,영상애니메이션디자인응용(영상애니메이션디자인전공),1,나는 디지털 영상 및 디자인 콘텐츠 제작에 필요한 기술과 디자인 응용 방법을 이해할 수 있다.,전공능력명 및 진단문항 수정,,,,,,
스포츠예술대학,디자인학부,영상애니메이션디자인전공,17613,3,영상애니메이션디자인응용(영상애니메이션디자인전공),2,나는 다양한 디자인 원리와 응용 기술을 디지털 영상 및 디자인 콘텐츠 개발에 적용할 수 있다.,전공능력명 및 진단문항 수정,,,,,,
스포츠예술대학,디자인학부,영상애니메이션디자인전공,17613,3,영상애니메이션디자인응용(영상애니메이션디자인전공),3,나는 다양한 응용 기술을 바탕으로 창의적인 디지털 영상 및 디자인 콘텐츠를 제작할 수 있다.,전공능력명 및 진단문항 수정,,,,,,
스포츠예술대학,디자인학부,영상애니메이션디자인전공,17613,4,영상애니메이션디자인현업수행(영상애니메이션디자인전공),1,"나는 디지털 영상 및 디자인 콘텐츠 분야의 진로를 탐색하고, 프로젝트 수행을 위한 지식을 이해할 수 있다.",전공능력명 및 진단문항 수정,,,,,,
스포츠예술대학,디자인학부,영상애니메이션디자인전공,17613,4,영상애니메이션디자인현업수행(영상애니메이션디자인전공),2,나는 창의적인 사고를 바탕으로 실용적인 디지털 콘텐츠 프로젝트를 기획하고 제작할 수 있다.,전공능력명 및 진단문항 수정,,,,,,
스포츠예술대학,디자인학부,영상애니메이션디자인전공,17613,4,영상애니메이션디자인현업수행(영상애니메이션디자인전공),3,"나는 실무적으로 콘텐츠를 목적에 맞게 기획·디자인하고, 디지털 영상 및 디자인 프로젝트를 수행할 수 있다.",전공능력명 및 진단문항 수정,,,,,,
스포츠예술대학,디자인학부,영상애니메이션디자인전공,17613,5,디자인기본원리(디자인학부공통),1,"나는 조형 요소, 색채, 조화, 강조 등 디자인의 기본 원리를 이해 할 수 있다.",학부 공통 전공능력 신설,,,,,,
스포츠예술대학,디자인학부,영상애니메이션디자인전공,17613,5,디자인기본원리(디자인학부공통),2,"나는 조형 요소, 색채, 조화, 강조 등을 감각적으로 디자인에 적용할 수 있다.",학부 공통 전공능력 신설,,,,,,
스포츠예술대학,디자인학부,영상애니메이션디자인전공,17613,5,디자인기본원리(디자인학부공통),3,나는 디자인된 요소를 효과적으로 작업물에 활용 할 수 있다.,학부 공통 전공능력 신설,,,,,,
스포츠예술대학,디자인학부,영상애니메이션디자인전공,17613,6,창의적사고능력(디자인학부공통),1,나는 아이디어 창출을 위해 창의적으로 생각할 수 있다.,학부 공통 전공능력 신설,,,,,,
스포츠예술대학,디자인학부,영상애니메이션디자인전공,17613,6,창의적사고능력(디자인학부공통),2,나는 독창적인 아이디어를 창출 할 수 있다.,학부 공통 전공능력 신설,,,,,,
스포츠예술대학,디자인학부,영상애니메이션디자인전공,17613,6,창의적사고능력(디자인학부공통),3,나는 독창적 아이디어를 바탕으로 결과물을 창조 할 수 있다.,학부 공통 전공능력 신설,,,,,,
스포츠예술대학,디자인학부,패션디자인전공,17614,1,패션디자인 기초(패션디자인전공),1,나는 패션디자인의 기초지식에 대해 이해하고 있다. ,전공능력명 및 진단문항 수정,,,,,,
스포츠예술대학,디자인학부,패션디자인전공,17614,1,패션디자인 기초(패션디자인전공),2,나는 패션디자인 기초지식을 디자인 작업에 적용할 수 있다.,전공능력명 및 진단문항 수정,,,,,,
스포츠예술대학,디자인학부,패션디자인전공,17614,1,패션디자인 기초(패션디자인전공),3,나는 패션디자인 기초지식을 바탕으로 창의적인 디자인 작업을 할 수 있다.,전공능력명 및 진단문항 수정,,,,,,
스포츠예술대학,디자인학부,패션디자인전공,17614,2,패션디자인 실행(패션디자인전공),1,나는 패션디자인을 전개하기 위한 디자인 리서치를 할 수 있다.,전공능력명 및 진단문항 수정,,,,,,
스포츠예술대학,디자인학부,패션디자인전공,17614,2,패션디자인 실행(패션디자인전공),2,나는 패션디자인 프로세스를 따라 창의적인 패션디자인컬렉션을 개발할 수 있다.,전공능력명 및 진단문항 수정,,,,,,
스포츠예술대학,디자인학부,패션디자인전공,17614,2,패션디자인 실행(패션디자인전공),3,나는 새롭게 개발한 패션디자인컬렉션을 효과적으로 프리젠테이션 할 수 있다.,전공능력명 및 진단문항 수정,,,,,,
스포츠예술대학,디자인학부,패션디자인전공,17614,3,패션기획 수행(패션디자인전공),1,"나는 패션 기획에 관한 기초지식(패션마케팅이나 패션머천다이징, 소비자행동 등)을 이해하고 있다,",전공능력명 및 진단문항 수정,,,,,,
스포츠예술대학,디자인학부,패션디자인전공,17614,3,패션기획 수행(패션디자인전공),2,"나는 패션 기획에 관한 기초지식을 상품을 기획, 생산, 판매하는 과정에 적용할 수 있다.",전공능력명 및 진단문항 수정,,,,,,
스포츠예술대학,디자인학부,패션디자인전공,17614,3,패션기획 수행(패션디자인전공),3,나는 소비자행동이나 소비사회 심리를 조사하고 패션 트렌드를 분석한 후 패션 제품의 마케팅 및 리테일링 전략을 제안할 수 있다.,전공능력명 및 진단문항 수정,,,,,,
스포츠예술대학,디자인학부,패션디자인전공,17614,4,패턴제작 실행(패션디자인전공),1,나는 의복 제작을 위한 패턴 제작 원리를 이해하고 있다. ,전공능력명 및 진단문항 수정,,,,,,
스포츠예술대학,디자인학부,패션디자인전공,17614,4,패턴제작 실행(패션디자인전공),2,나는 패턴 제작 원리를 적용하여 다양한 디자인을 위한 패턴을 제작할 수 있다.,전공능력명 및 진단문항 수정,,,,,,
스포츠예술대학,디자인학부,패션디자인전공,17614,4,패턴제작 실행(패션디자인전공),3,나는 제작한 패턴을 활용하여 의복 제작 프로세스를 진행할 수 있다. ,전공능력명 및 진단문항 수정,,,,,,
스포츠예술대학,디자인학부,패션디자인전공,17614,5,디자인기본원리(디자인학부공통),1,"나는 조형 요소, 색채, 조화, 강조 등 디자인의 기본 원리를 이해 할 수 있다.",학부 공통 전공능력 신설,,,,,,
스포츠예술대학,디자인학부,패션디자인전공,17614,5,디자인기본원리(디자인학부공통),2,"나는 조형 요소, 색채, 조화, 강조 등을 감각적으로 디자인에 적용할 수 있다.",학부 공통 전공능력 신설,,,,,,
스포츠예술대학,디자인학부,패션디자인전공,17614,5,디자인기본원리(디자인학부공통),3,나는 디자인된 요소를 효과적으로 작업물에 활용 할 수 있다.,학부 공통 전공능력 신설,,,,,,
스포츠예술대학,디자인학부,패션디자인전공,17614,6,창의적사고능력(디자인학부공통),1,나는 아이디어 창출을 위해 창의적으로 생각할 수 있다.,학부 공통 전공능력 신설,,,,,,
스포츠예술대학,디자인학부,패션디자인전공,17614,6,창의적사고능력(디자인학부공통),2,나는 독창적인 아이디어를 창출 할 수 있다.,학부 공통 전공능력 신설,,,,,,
스포츠예술대학,디자인학부,패션디자인전공,17614,6,창의적사고능력(디자인학부공통),3,나는 독창적 아이디어를 바탕으로 결과물을 창조 할 수 있다.,학부 공통 전공능력 신설,,,,,,
스포츠예술대학,스포츠학부,"체육학전공, 스포츠산업학전공",17621,1,스포츠프로그램기획(체육학),1,나는 지도 대상에 따라 적절한 프로그램을 구상할 수 있다. ,,,,,,,
스포츠예술대학,스포츠학부,"체육학전공, 스포츠산업학전공",17621,1,스포츠프로그램기획(체육학),2,나는 프로그램이 대상자에게 어떤 영향을 미칠지 분석할 수 있다.,,,,,,,
스포츠예술대학,스포츠학부,"체육학전공, 스포츠산업학전공",17621,1,스포츠프로그램기획(체육학),3,나는 프로그램의 효과성을 평가할 수 있다.,,,,,,,
스포츠예술대학,스포츠학부,"체육학전공, 스포츠산업학전공",17621,2,스포츠지도(체육학),1,나는 지도대상자의 건강한 체력을 육성시키기 위한 다양한 운동에 대해 이해하고 있다.,,,,,,,
스포츠예술대학,스포츠학부,"체육학전공, 스포츠산업학전공",17621,2,스포츠지도(체육학),2,나는 지도대상자의 건강한 체력을 육성시키기 위한 다양한 운동을 적용할 수 있다. ,,,,,,,
스포츠예술대학,스포츠학부,"체육학전공, 스포츠산업학전공",17621,2,스포츠지도(체육학),3,나는 다양한 방법을 활용하여 전문적으로 교육할 수 있다. ,,,,,,,
스포츠예술대학,스포츠학부,"체육학전공, 스포츠산업학전공",17621,3,동작분석및평가(체육학),1,나는 지도 대상 동작 분석의 준거를 이해하고 있다.,,,,,,,
스포츠예술대학,스포츠학부,"체육학전공, 스포츠산업학전공",17621,3,동작분석및평가(체육학),2,나는 지도 대상의 동작을 분석할 수 있다.,,,,,,,
스포츠예술대학,스포츠학부,"체육학전공, 스포츠산업학전공",17621,3,동작분석및평가(체육학),3,나는 지도 대상의 동작을 준거에 따라 평가할 수 있다.,,,,,,,
스포츠예술대학,스포츠학부,"체육학전공, 스포츠산업학전공",17621,4,기록측정·평가(체육학),1,나는 각종 스포츠 경기의 데이터에 대해 이해하고 있다.,,,,,,,
스포츠예술대학,스포츠학부,"체육학전공, 스포츠산업학전공",17621,4,기록측정·평가(체육학),2,나는 각종 스포츠 경기의 모든 상황을 수치화된 데이터를 기록할 수 있다.,,,,,,,
스포츠예술대학,스포츠학부,"체육학전공, 스포츠산업학전공",17621,4,기록측정·평가(체육학),3,나는 각종 스포츠 경기의 모든 상황을 수치화된 데이터를 분석할 수 있다.,,,,,,,
스포츠예술대학,스포츠학부,"체육학전공, 스포츠산업학전공",17621,5,스포츠기획(스포츠산업학),1,나는 스포츠산업의 부가가치를 높이기 위한 시장의 트렌드를 이해할 수 있다. ,,,,,,,
스포츠예술대학,스포츠학부,"체육학전공, 스포츠산업학전공",17621,5,스포츠기획(스포츠산업학),2,나는 소비자 분석을 바탕으로 스포츠 사업분야를 선정할 수 있다.,,,,,,,
스포츠예술대학,스포츠학부,"체육학전공, 스포츠산업학전공",17621,5,스포츠기획(스포츠산업학),3,나는 스포츠 사업에 대한 계획과 전략을 수립하여 관리할 수 있다.,,,,,,,
스포츠예술대학,스포츠학부,"체육학전공, 스포츠산업학전공",17621,6,융복합문제해결(스포츠산업학),1,나는 스포츠 관련 지식에 대해 이해하고 있다. ,,,,,,,
스포츠예술대학,스포츠학부,"체육학전공, 스포츠산업학전공",17621,6,융복합문제해결(스포츠산업학),2,나는 스포츠 정보를 ICT 기술을 바탕으로 적용할 수 있다. ,,,,,,,
스포츠예술대학,스포츠학부,"체육학전공, 스포츠산업학전공",17621,6,융복합문제해결(스포츠산업학),3,나는 스포츠 정보를 ICT 기술을 바탕으로 활용할 수 있다.,,,,,,,
스포츠예술대학,스포츠학부,"체육학전공, 스포츠산업학전공",17621,7,스포츠환경변화대응(스포츠산업학),1,나는 스포츠 관련 기술과 환경 변화에 대해 이해할 수 있다. ,,,,,,,
스포츠예술대학,스포츠학부,"체육학전공, 스포츠산업학전공",17621,7,스포츠환경변화대응(스포츠산업학),2,나는 변화하는 환경에 따른 자기개발의 필요성을 인식할 수 있다. ,,,,,,,
스포츠예술대학,스포츠학부,"체육학전공, 스포츠산업학전공",17621,7,스포츠환경변화대응(스포츠산업학),3,나는 지속적이고 자기 주도적으로 학습할 수 있다.,,,,,,,
스포츠예술대학,스포츠학부,"체육학전공, 스포츠산업학전공",17621,8,진로설계(스포츠학부공통),1,"나는 다양한 스포츠종목 및 실기, 교직 과목 등을 통해 스포츠 관련 분야의 진로를 이해할 수 있다.",,,,,,,
스포츠예술대학,스포츠학부,"체육학전공, 스포츠산업학전공",17621,8,진로설계(스포츠학부공통),2,"나는 다양한 스포츠종목 및 실기, 교직 과목 등을 통해 스포츠 분야의 진로를 선택할 수 있다.",,,,,,,
스포츠예술대학,스포츠학부,"체육학전공, 스포츠산업학전공",17621,8,진로설계(스포츠학부공통),3,"나는 다양한 스포츠종목 및 실기, 교직 과목 등을 통해 스포츠 분야의 진로를 체계적으로 준비할 수 있다.",,,,,,,
스포츠예술대학,스포츠학부,"체육학전공, 스포츠산업학전공",17621,9,신체건강이해(체육학),1,나는 신체와 건강에 대해서 기본적 것을 이해할 수 있다,,,,,,,
스포츠예술대학,스포츠학부,"체육학전공, 스포츠산업학전공",17621,9,신체건강이해(체육학),2,나는 스포츠활동에 있어서 신체와 건강에 대해 이해할 수 있다.,,,,,,,
스포츠예술대학,스포츠학부,"체육학전공, 스포츠산업학전공",17621,9,신체건강이해(체육학),3,나는 스포츠활동에 있어서 신체와 건강에 대해 판단할 수 있다.,,,,,,,
스포츠예술대학,스포츠학부,스포츠지도학전공,17622,1,스포츠지도,1,나는 전문적인 스포츠 이론을 이해할 수 있다. ,,,,,,,
스포츠예술대학,스포츠학부,스포츠지도학전공,17622,1,스포츠지도,2,나는 전문적인 스포츠 실기를 적용할 수 있다.,,,,,,,
스포츠예술대학,스포츠학부,스포츠지도학전공,17622,1,스포츠지도,3,나는 전문적인 스포츠 이론과 실기를 지도할 수 있다.,,,,,,,
스포츠예술대학,스포츠학부,스포츠지도학전공,17622,2,운동측정평가,1,나는 지도 대상의 운동능력 측정의 준거를 이해하고 있다.,,,,,,,
스포츠예술대학,스포츠학부,스포츠지도학전공,17622,2,운동측정평가,2,나는 지도 대상의 운동능력을 정확히 측정할 수 있다.,,,,,,,
스포츠예술대학,스포츠학부,스포츠지도학전공,17622,2,운동측정평가,3,나는 지도 대상의 운동능력을 준거에 따라 평가할 수 있다.,,,,,,,
스포츠예술대학,스포츠학부,스포츠지도학전공,17622,3,경기운영,1,나는 경기진행 중에 발생되는 일련의 상황에 대해 이해하고 있다.,,,,,,,
스포츠예술대학,스포츠학부,스포츠지도학전공,17622,3,경기운영,2,"나는 정확한 판정을 위해 경기규정 준수 여부, 반칙, 득점 여부를 적용할 수 있다.",,,,,,,
스포츠예술대학,스포츠학부,스포츠지도학전공,17622,3,경기운영,3,"나는 정확한 판정을 통해 경기규정 준수 여부, 반칙, 득점 여부를 가를 수 있다.",,,,,,,
스포츠예술대학,스포츠학부,스포츠지도학전공,17622,4,신체건강이해,1,나는 신체와 건강에 대해서 기본적인 것을 이해할 수 있다,,,,,,,
스포츠예술대학,스포츠학부,스포츠지도학전공,17622,4,신체건강이해,2,나는 스포츠활동에 있어서 신체와 건강에 대해 이해할 수 있다.,,,,,,,
스포츠예술대학,스포츠학부,스포츠지도학전공,17622,4,신체건강이해,3,나는 스포츠활동에 있어서 신체와 건강에 대해 판단할 수 있다.,,,,,,,
스포츠예술대학,아트앤멀티미디어음악학부,건반음악전공,17631,1,실기능력,1,나는 연주력 향상을 위한 기본 테크닉과 악곡의 표현을 익힌다.,,,,,,,
스포츠예술대학,아트앤멀티미디어음악학부,건반음악전공,17631,1,실기능력,2,나는 매학기 과제곡에 다양한 기교와 음악적 표현력을 적용한다.,,,,,,,
스포츠예술대학,아트앤멀티미디어음악학부,건반음악전공,17631,1,실기능력,3,나는 다양한 곡들에서 음악적 완성도를 높힌다.,,,,,,,
스포츠예술대학,아트앤멀티미디어음악학부,건반음악전공,17631,2,이론이해,1,"나는 악곡의 기본이 되는 구조, 화성, 청음 능력을 익힌다.",,,,,,,
스포츠예술대학,아트앤멀티미디어음악학부,건반음악전공,17631,2,이론이해,2,나는 음악적 이론 지식을 바탕으로 악곡의 이해를 높힌다.,,,,,,,
스포츠예술대학,아트앤멀티미디어음악학부,건반음악전공,17631,2,이론이해,3,나는 매학기 과제곡에 배운 음악 이론을 적용할 수 있다.,,,,,,,
스포츠예술대학,아트앤멀티미디어음악학부,건반음악전공,17631,3,개성표현,1,나는 나만의 능력과 개성을 청중에게 자연스럽게 전달한다.,,,,,,,
스포츠예술대학,아트앤멀티미디어음악학부,건반음악전공,17631,3,개성표현,2,나는 무대 위에서 자신을 조절하면서 청중과 교감한다.,,,,,,,
스포츠예술대학,아트앤멀티미디어음악학부,건반음악전공,17631,3,개성표현,3,나는 전문 연주자가 되기 위한 능력을 함양한다.,,,,,,,
스포츠예술대학,아트앤멀티미디어음악학부,건반음악전공,17631,4,소통능력,1,"나는 연주자로서, 교육자로서 협력하고 배려하는 법을 배운다.",,,,,,,
스포츠예술대학,아트앤멀티미디어음악학부,건반음악전공,17631,4,소통능력,2,나는 상대 연주자와의 호흡을 맞추고 청중들과도 교감할 수 있다.,,,,,,,
스포츠예술대학,아트앤멀티미디어음악학부,건반음악전공,17631,4,소통능력,3,나는 다양한 앙상블 연주와 학생들 지도에 적용한다.,,,,,,,
스포츠예술대학,아트앤멀티미디어음악학부,건반음악전공,17631,5,음악 기초 이해 능력(아트앤멀티미디어학부 공통),1,"나는 음정, 음계, 화음, 리듬 등 기본적인 음악 이론과 음악사 등을 이해할 수 있다.",,,,,,,
스포츠예술대학,아트앤멀티미디어음악학부,건반음악전공,17631,5,음악 기초 이해 능력(아트앤멀티미디어학부 공통),2,나는 청음 능력과 시창 능력을 기반으로 악보 및 음악을 이해할 수 있다. ,,,,,,,
스포츠예술대학,아트앤멀티미디어음악학부,건반음악전공,17631,5,음악 기초 이해 능력(아트앤멀티미디어학부 공통),3,"나는 음정, 리듬, 화음 등을 활용해 노래할 수 있다.",,,,,,,
스포츠예술대학,아트앤멀티미디어음악학부,건반음악전공,17631,6,음악적 표현력 및 감수성 능력(아트앤멀티미디어학부 공통),1,나는 음악을 통해 다양한 감정을 표현하고 전달하는 것을 이해할 수 있다.,,,,,,,
스포츠예술대학,아트앤멀티미디어음악학부,건반음악전공,17631,6,음악적 표현력 및 감수성 능력(아트앤멀티미디어학부 공통),2,나는 악보나 음악을 자신만의 방식으로 해석할 수 있다.,,,,,,,
스포츠예술대학,아트앤멀티미디어음악학부,건반음악전공,17631,6,음악적 표현력 및 감수성 능력(아트앤멀티미디어학부 공통),3,나는 음악을 해석하고 예술적 감성으로 표현할 수 있다.,,,,,,,
스포츠예술대학,아트앤멀티미디어음악학부,보컬뮤직전공,17632,1,전공 이론 이해 능력,1,나는 내가 실습할 곡에 대해 음악 이론과 음악사적인 이론을 이해하고 있다. ,전공능력명 및 진단문항 수정,,,,,,
스포츠예술대학,아트앤멀티미디어음악학부,보컬뮤직전공,17632,1,전공 이론 이해 능력,2,나는 다양한 악곡에 대한 이론을 이해하며 분석할 수 있다. ,전공능력명 및 진단문항 수정,,,,,,
스포츠예술대학,아트앤멀티미디어음악학부,보컬뮤직전공,17632,1,전공 이론 이해 능력,3,나는 다양한 스타일의 곡에 대한 이론을 활용하여 연주에 활용할 수 있다. ,전공능력명 및 진단문항 수정,,,,,,
스포츠예술대학,아트앤멀티미디어음악학부,보컬뮤직전공,17632,2,전공 실기 이해 능력,1,나는 다양한 음악 스타일을 이해하며 효과적이고  바른 발성법을 이해한다. ,전공능력명 및 진단문항 수정,,,,,,
스포츠예술대학,아트앤멀티미디어음악학부,보컬뮤직전공,17632,2,전공 실기 이해 능력,2,나는 다양한 음악 스타일을 이해하며 효과적이고 바른 발성법을 구현하여 노래할 수 있다. ,전공능력명 및 진단문항 수정,,,,,,
스포츠예술대학,아트앤멀티미디어음악학부,보컬뮤직전공,17632,2,전공 실기 이해 능력,3,나는 올바른 발성법을 이해하며 다양한 음악 스타일에 맞게 연주할 수 있다. ,전공능력명 및 진단문항 수정,,,,,,
스포츠예술대학,아트앤멀티미디어음악학부,보컬뮤직전공,17632,3,개성과 창의성 ,1,나는 음악에 대한 전반적인 이론을 분석하며 나만의 방법으로 곡을 이해할 수 있다. ,전공능력명 및 진단문항 수정,,,,,,
스포츠예술대학,아트앤멀티미디어음악학부,보컬뮤직전공,17632,3,개성과 창의성 ,2,나는 음악에 대한 개인적이면서도 창의적인 방법을 적용하여 음악을 해석할 수 있다. ,전공능력명 및 진단문항 수정,,,,,,
스포츠예술대학,아트앤멀티미디어음악학부,보컬뮤직전공,17632,3,개성과 창의성 ,3,나는 나만의 개성과 창의성이 나타나도록 연주하며 표현할 수 있다. ,전공능력명 및 진단문항 수정,,,,,,
스포츠예술대학,아트앤멀티미디어음악학부,보컬뮤직전공,17632,4,리더쉽과 협업 능력 ,1,나는 공연 연주자로서 또는 기획자로서 리더쉽을 발휘하며 관객들과 또는 연주자나 스탭들과 소통해야하는 것을 이해한다. ,전공능력명 및 진단문항 수정,,,,,,
스포츠예술대학,아트앤멀티미디어음악학부,보컬뮤직전공,17632,4,리더쉽과 협업 능력 ,2,나는 관객들과 또 함께하는 연주자들과 소통하며 협업하는 것을 이해한다. ,전공능력명 및 진단문항 수정,,,,,,
스포츠예술대학,아트앤멀티미디어음악학부,보컬뮤직전공,17632,4,리더쉽과 협업 능력 ,3,"나는 다양한 스타일을 가진 연주자들과 함께 합창, 앙상블을 공연할 수 있고 리더쉽과 협업을 이해하며 관객들과 효과적으로 소통하면서 연주할 수 있다.",전공능력명 및 진단문항 수정,,,,,,
스포츠예술대학,아트앤멀티미디어음악학부,보컬뮤직전공,17632,5,음악 기초 이해 능력(아트앤멀티미디어학부 공통),1,"나는 음정, 음계, 화음, 리듬 등 기본적인 음악 이론과 음악사 등을 이해할 수 있다.",,,,,,,
스포츠예술대학,아트앤멀티미디어음악학부,보컬뮤직전공,17632,5,음악 기초 이해 능력(아트앤멀티미디어학부 공통),2,나는 청음 능력과 시창 능력을 기반으로 악보 및 음악을 이해할 수 있다. ,,,,,,,
스포츠예술대학,아트앤멀티미디어음악학부,보컬뮤직전공,17632,5,음악 기초 이해 능력(아트앤멀티미디어학부 공통),3,"나는 음정, 리듬, 화음 등을 활용해 노래할 수 있다.",,,,,,,
스포츠예술대학,아트앤멀티미디어음악학부,보컬뮤직전공,17632,6,음악적 표현력 및 감수성 능력(아트앤멀티미디어학부 공통),1,나는 음악을 통해 다양한 감정을 표현하고 전달하는 것을 이해할 수 있다.,,,,,,,
스포츠예술대학,아트앤멀티미디어음악학부,보컬뮤직전공,17632,6,음악적 표현력 및 감수성 능력(아트앤멀티미디어학부 공통),2,나는 악보나 음악을 자신만의 방식으로 해석할 수 있다.,,,,,,,
스포츠예술대학,아트앤멀티미디어음악학부,보컬뮤직전공,17632,6,음악적 표현력 및 감수성 능력(아트앤멀티미디어학부 공통),3,나는 음악을 해석하고 예술적 감성으로 표현할 수 있다.,,,,,,,
스포츠예술대학,아트앤멀티미디어음악학부,작곡전공,17633,1,전공실기,1,나는 다양한 편성 작품의 작곡 및 편곡에 대해 이해하고 있다.,,,,,,,
스포츠예술대학,아트앤멀티미디어음악학부,작곡전공,17633,1,전공실기,2,나는 다양한 편성 작품의 작곡 및 편곡에 대해 분석할 수 있다.,,,,,,,
스포츠예술대학,아트앤멀티미디어음악학부,작곡전공,17633,1,전공실기,3,나는 다양한 편성 작품의 작곡 및 편곡에 대해 수행할 수 있다.,,,,,,,
스포츠예술대학,아트앤멀티미디어음악학부,작곡전공,17633,2,이론해석,1,나는 음악이론에 관련된 자료를 이해할 수 있다.,,,,,,,
스포츠예술대학,아트앤멀티미디어음악학부,작곡전공,17633,2,이론해석,2,나는 음악이론에 관련된 자료를 분석할 수 있다.,,,,,,,
스포츠예술대학,아트앤멀티미디어음악학부,작곡전공,17633,2,이론해석,3,나는 실제적인 작품 작곡에 활용할 수 있다.,,,,,,,
스포츠예술대학,아트앤멀티미디어음악학부,작곡전공,17633,3,창의적개발,1,나는 새로운 음악이론을 이해할 수 있다.,,,,,,,
스포츠예술대학,아트앤멀티미디어음악학부,작곡전공,17633,3,창의적개발,2,나는 새로운 음악이론을 분석할 수 있다.,,,,,,,
스포츠예술대학,아트앤멀티미디어음악학부,작곡전공,17633,3,창의적개발,3,나는 새로운 음악이론을 바탕으로 독창적인 작품을 작곡할 수 있다.,,,,,,,
스포츠예술대학,아트앤멀티미디어음악학부,작곡전공,17633,4,ICT활용,1,"나는 음악표현을 위한 다양한 매체(컴퓨터, SW, 전자기기 등)에 대해 이해하고 있다.",,,,,,,
스포츠예술대학,아트앤멀티미디어음악학부,작곡전공,17633,4,ICT활용,2,"나는 음악표현을 위한 다양한 매체(컴퓨터, SW, 전자기기 등)를 적용할 수 있다.",,,,,,,
스포츠예술대학,아트앤멀티미디어음악학부,작곡전공,17633,4,ICT활용,3,"나는 음악표현을 위한 다양한 매체(컴퓨터, SW, 전자기기 등)를 활용할 수 있다.",,,,,,,
스포츠예술대학,아트앤멀티미디어음악학부,작곡전공,17633,5,협업,1,나는 공동제적인 작업의 필요성에 대해 이해할 수 있다.,,,,,,,
스포츠예술대학,아트앤멀티미디어음악학부,작곡전공,17633,5,협업,2,나는 공동제적인 작업을 수행할 수 있다.,,,,,,,
스포츠예술대학,아트앤멀티미디어음악학부,작곡전공,17633,5,협업,3,나는 공동제적인 작업을 통해 성공적인 대안을 만들 수 있다.,,,,,,,
스포츠예술대학,아트앤멀티미디어음악학부,작곡전공,17633,6,음악 기초 이해 능력(아트앤멀티미디어학부 공통),1,"나는 음정, 음계, 화음, 리듬 등 기본적인 음악 이론과 음악사 등을 이해할 수 있다.",,,,,,,
스포츠예술대학,아트앤멀티미디어음악학부,작곡전공,17633,6,음악 기초 이해 능력(아트앤멀티미디어학부 공통),2,나는 청음 능력과 시창 능력을 기반으로 악보 및 음악을 이해할 수 있다. ,,,,,,,
스포츠예술대학,아트앤멀티미디어음악학부,작곡전공,17633,6,음악 기초 이해 능력(아트앤멀티미디어학부 공통),3,"나는 음정, 리듬, 화음 등을 활용해 노래할 수 있다.",,,,,,,
스포츠예술대학,아트앤멀티미디어음악학부,작곡전공,17633,7,음악적 표현력 및 감수성 능력(아트앤멀티미디어학부 공통),1,나는 음악을 통해 다양한 감정을 표현하고 전달하는 것을 이해할 수 있다.,,,,,,,
스포츠예술대학,아트앤멀티미디어음악학부,작곡전공,17633,7,음악적 표현력 및 감수성 능력(아트앤멀티미디어학부 공통),2,나는 악보나 음악을 자신만의 방식으로 해석할 수 있다.,,,,,,,
스포츠예술대학,아트앤멀티미디어음악학부,작곡전공,17633,7,음악적 표현력 및 감수성 능력(아트앤멀티미디어학부 공통),3,나는 음악을 해석하고 예술적 감성으로 표현할 수 있다.,,,,,,,
스포츠예술대학,공연예술학부,연극·영화전공,17641,1,영화이론탐구,1,나는 영화 제작 지식을 바탕으로 영화 제작에 필요한 기술적·예술적 활동을 이론적으로 설명할 수 있다. ,,,,,,,
스포츠예술대학,공연예술학부,연극·영화전공,17641,1,영화이론탐구,2,나는 영화·영상 이론을 기반으로 제작을 위한 기초적 작업에 활용할 수 있다. ,,,,,,,
스포츠예술대학,공연예술학부,연극·영화전공,17641,1,영화이론탐구,3,"나는 영화 역사, 트렌드를 분석하여 영화의 발전과 경향을 설명할 수 있다. ",,,,,,,
스포츠예술대학,공연예술학부,연극·영화전공,17641,2,영화제작기술,1,"나는 영화 제작에 필요한 영상촬영, 조명구성, 음향제작, 영상그래팩 작업, 영상편집, 영상미술을 기획할 수 있다. ",,,,,,,
스포츠예술대학,공연예술학부,연극·영화전공,17641,2,영화제작기술,2,나는 기획의도에 맞게 장면을 분석하여 이를 구현하고 기술적 성과를 창출할 수 있다. ,,,,,,,
스포츠예술대학,공연예술학부,연극·영화전공,17641,2,영화제작기술,3,나는 다른 기술 분야와 협업을 통하여 콘텐츠를 제작할 수 있다. ,,,,,,,
스포츠예술대학,공연예술학부,연극·영화전공,17641,3,연기 및 표현,1,나는 주어진 대본에서 다양한 감정을 효과적으로 표현할 수 있다.,전공능력명 및 진단문항 수정,,,,,,
스포츠예술대학,공연예술학부,연극·영화전공,17641,3,연기 및 표현,2,나는 연기 및 제작 실습을 통해 현장 중심의 경험을 쌓고 실무 적응력을 키울 수 있다.,전공능력명 및 진단문항 수정,,,,,,
스포츠예술대학,공연예술학부,연극·영화전공,17641,3,연기 및 표현,3,"나는 감정 표현, 신체 움직임, 카메라 연기를 중심으로 한 실습을 통해 배우로서의 역량을 강화할 수 있다. ",전공능력명 및 진단문항 수정,,,,,,
스포츠예술대학,공연예술학부,연극·영화전공,17641,4,영화창의융복합,1,나는 영화 서사학의 기본 이론을 바탕으로 영화를 학문적 연구 방법을 설명할 수 있다. ,,,,,,,
스포츠예술대학,공연예술학부,연극·영화전공,17641,4,영화창의융복합,2,나는 영화 평론 이론에 대한 전문성을 바탕으로 영화평론을 작성할 수 있다. ,,,,,,,
스포츠예술대학,공연예술학부,연극·영화전공,17641,4,영화창의융복합,3,나는 영화 제작의 과정에서 기술적·예술적 자체 평가를 통해 문제를 발견하고 작품의 수준을 향상할 수 있다.,,,,,,,
스포츠예술대학,공연예술학부,연극·영화전공,17641,5,예술적 감각 능력(공연예술학부 공통),1,나는 다양한 예술 분야에서의 예술적 감각을 감지 및 이해할 수 있다.,,,,,,,
스포츠예술대학,공연예술학부,연극·영화전공,17641,5,예술적 감각 능력(공연예술학부 공통),2,나는 아름다운 것을 감지하고 이를 표현할 수 있다.,,,,,,,
스포츠예술대학,공연예술학부,연극·영화전공,17641,5,예술적 감각 능력(공연예술학부 공통),3,나는 예술적 감각을 바탕으로 자신만의 독창적 아이디어를 바탕으로 예술 작품을 창조할 수 있다.,,,,,,,
스포츠예술대학,공연예술학부,연극·영화전공,17641,6,스토리텔링 능력(공연예술학부 공통),1,"나는 이야기, 상황, 캐릭터 등을 이해하여 주어진 대본이나 시나리오를 이해할 수 있다. ",,,,,,,
스포츠예술대학,공연예술학부,연극·영화전공,17641,6,스토리텔링 능력(공연예술학부 공통),2,"나는 이야기, 상황, 캐릭터를 분석하여 스토리텔링할 수 있다.",,,,,,,
스포츠예술대학,공연예술학부,연극·영화전공,17641,6,스토리텔링 능력(공연예술학부 공통),3,"나는 이야기, 상황, 캐릭터 분석으로 스토리텔링한 것을 바탕으로 대본이나 시나리오를 작성할 수 있다.",,,,,,,
스포츠예술대학,공연예술학부,연극·영화전공,17641,7,예술적 협업과 소통 능력(공연예술학부 공통),1,나는 다양한 스태프와 협력하고 소통해야 하는 필요성을 이해할 수 있다.,,,,,,,
스포츠예술대학,공연예술학부,연극·영화전공,17641,7,예술적 협업과 소통 능력(공연예술학부 공통),2,나는 작품을 위해 스태프와 협력 및 의사소통할 수 있다.,,,,,,,
스포츠예술대학,공연예술학부,연극·영화전공,17641,7,예술적 협업과 소통 능력(공연예술학부 공통),3,나는 스태프와의 협력을 통해 예술적 작품을 완성할 수 있다.,,,,,,,
스포츠예술대학,공연예술학부,뮤지컬공연전공,17642,1,공연예술이해,1,나는 뮤지컬 배우로 활동하는데 필요한 음악의 이론적 지식을 설명할 수 있다.,,,,,,,
스포츠예술대학,공연예술학부,뮤지컬공연전공,17642,1,공연예술이해,2,나는 다양한 뮤지컬 음악의 발전사를 이해하고 뮤지컬의 장르적 특성에 대해 분명하게 설명할 수 있다.,,,,,,,
스포츠예술대학,공연예술학부,뮤지컬공연전공,17642,1,공연예술이해,3,나는 다양한 희곡들을 읽고 분석하여 이를 자신의 연기에 적용할 수 있다.,,,,,,,
스포츠예술대학,공연예술학부,뮤지컬공연전공,17642,2,뮤지컬수행,1,나는 기본적인 음악에 대한 이해를 바탕으로 시창과 청음을 통해 뮤지컬을 잘 수행할 수 있다.,,,,,,,
스포츠예술대학,공연예술학부,뮤지컬공연전공,17642,2,뮤지컬수행,2,나는 연기의 기초적인 부분을 학습하고 자신만의 호흡법을 발달시키며 연기력을 향상시킬 수 있다. ,,,,,,,
스포츠예술대학,공연예술학부,뮤지컬공연전공,17642,2,뮤지컬수행,3,나는 무용 기본기를 익히고 학습하며 다양한 몸의 움직임을 만들며 유명 뮤지컬의 댄스를 습득하며 뮤지컬 연기에 맞는 동작을 분석할 수 있다.,,,,,,,
스포츠예술대학,공연예술학부,뮤지컬공연전공,17642,3,뮤지컬융합,1,"나는 뮤지컬 공연을 기획하고 제작하는 과정을 통해 배우, 연출, 제작자 등 각자의 역할에서 공연 제작의 전 과정을 실습하며 이해할 수 있다.",,,,,,,
스포츠예술대학,공연예술학부,뮤지컬공연전공,17642,3,뮤지컬융합,2,나는 서구 및 한국 창작 뮤지컬 작품들의 내용과 음악을 숙지하고 개인 및 그룹별 레파토리를 확장해나갈 수 있다.,,,,,,,
스포츠예술대학,공연예술학부,뮤지컬공연전공,17642,3,뮤지컬융합,3,"나는 음 익히기, 호흡 맞추기 등을 학습하며 다른 배우들과 서로 화합할 수 있다.",,,,,,,
스포츠예술대학,공연예술학부,뮤지컬공연전공,17642,4,뮤지컬현장적용,1,나는 시뮬레이션을 통해 오디션 현장 상황을 이해할 수 있다.,,,,,,,
스포츠예술대학,공연예술학부,뮤지컬공연전공,17642,4,뮤지컬현장적용,2,"나는 작품 오디션에 임할 춤, 노래, 연기를 수행할 수 있다.",,,,,,,
스포츠예술대학,공연예술학부,뮤지컬공연전공,17642,4,뮤지컬현장적용,3,나는 공연 기획에 대해 서로 의견을 주고받으며 전반적인 과정에 대해 설명할 수 있다.,,,,,,,
스포츠예술대학,공연예술학부,뮤지컬공연전공,17642,5,예술적 감각 능력(공연예술학부 공통),1,나는 다양한 예술 분야에서의 예술적 감각을 감지 및 이해할 수 있다.,,,,,,,
스포츠예술대학,공연예술학부,뮤지컬공연전공,17642,5,예술적 감각 능력(공연예술학부 공통),2,나는 아름다운 것을 감지하고 이를 표현할 수 있다.,,,,,,,
스포츠예술대학,공연예술학부,뮤지컬공연전공,17642,5,예술적 감각 능력(공연예술학부 공통),3,나는 예술적 감각을 바탕으로 자신만의 독창적 아이디어를 바탕으로 예술 작품을 창조할 수 있다.,,,,,,,
스포츠예술대학,공연예술학부,뮤지컬공연전공,17642,6,스토리텔링 능력(공연예술학부 공통),1,"나는 이야기, 상황, 캐릭터 등을 이해하여 주어진 대본이나 시나리오를 이해할 수 있다. ",,,,,,,
스포츠예술대학,공연예술학부,뮤지컬공연전공,17642,6,스토리텔링 능력(공연예술학부 공통),2,"나는 이야기, 상황, 캐릭터를 분석하여 스토리텔링할 수 있다.",,,,,,,
스포츠예술대학,공연예술학부,뮤지컬공연전공,17642,6,스토리텔링 능력(공연예술학부 공통),3,"나는 이야기, 상황, 캐릭터 분석으로 스토리텔링한 것을 바탕으로 대본이나 시나리오를 작성할 수 있다.",,,,,,,
스포츠예술대학,공연예술학부,뮤지컬공연전공,17642,7,예술적 협업과 소통 능력(공연예술학부 공통),1,나는 다양한 스태프와 협력하고 소통해야 하는 필요성을 이해할 수 있다.,,,,,,,
스포츠예술대학,공연예술학부,뮤지컬공연전공,17642,7,예술적 협업과 소통 능력(공연예술학부 공통),2,나는 작품을 위해 스태프와 협력 및 의사소통할 수 있다.,,,,,,,
스포츠예술대학,공연예술학부,뮤지컬공연전공,17642,7,예술적 협업과 소통 능력(공연예술학부 공통),3,나는 스태프와의 협력을 통해 예술적 작품을 완성할 수 있다.,,,,,,,
예술체육대학,,바둑학과,17609,1,바둑이론탐구,1,"나는 바둑학의 토대를 바탕으로 바둑문화학, 바둑기술학, 바둑실용학을 체계적으로 설명할 수 있다.",,,,,,,
예술체육대학,,바둑학과,17609,1,바둑이론탐구,2,나는 바둑의 전문적 기술을 학문적으로 연구하기 위한 연구 방법을 이론적으로 비교할 수 있다.,,,,,,,
예술체육대학,,바둑학과,17609,1,바둑이론탐구,3,나는 바둑의 역사를 통해 바둑 양식과 사회적 의미를 분석하여 현대 바둑의 의의를 설명할 수 있다.,,,,,,,
예술체육대학,,바둑학과,17609,2,바둑스포츠응용,1,나는 바둑스포츠에 대한 지식과 기술을 바탕으로 경기력을 향상할 수 있다. ,,,,,,,
예술체육대학,,바둑학과,17609,2,바둑스포츠응용,2,나는 바둑스포츠 경기력에 영향을 미치는 정신적 요소들을 분석하고 설명할 수 있다.,,,,,,,
예술체육대학,,바둑학과,17609,2,바둑스포츠응용,3,나는 훈련된 바둑스포츠 경기력을 바탕으로 실제적인 경기에서 승부를 겨룰 수 있다. ,,,,,,,
예술체육대학,,바둑학과,17609,3,바둑경기지도,1,나는 바둑 학습법 및 교수법을 연구하여 학습자에게 교수할 수 있다.,,,,,,,
예술체육대학,,바둑학과,17609,3,바둑경기지도,2,나는 학생 개인의 요구에 부응하는 바둑 교육 프로그램을 개발할 수 있다.,,,,,,,
예술체육대학,,바둑학과,17609,3,바둑경기지도,3,나는 바둑 경기를 진행 및 관찰한 후 경기력 향상을 지도할 수 있다. ,,,,,,,
예술체육대학,,바둑학과,17609,4,바둑스포츠현장적용,1,나는 바둑 스토리를 재해석해 오늘날 콘텐츠 생산에 활용할 수 있다.,,,,,,,
예술체육대학,,바둑학과,17609,4,바둑스포츠현장적용,2,나는 IT 기술을 활용하여 바둑 서비스 소프트웨어 개발 방법을 설명할 수 있다.,,,,,,,
예술체육대학,,바둑학과,17609,4,바둑스포츠현장적용,3,나는 바둑을 널리 알리기 위해 바둑 기술과 현상외국어로 표현하며 바둑대회 및 행사 계획을 수립할 수 있다.,,,,,,,
자연과학대학,,수학과,15809,1,수학적기초이해,1,"나는 실수의 성질, 엡실론 델타논법을 이용한 극한과 연속함수의 성질을 설명할 수 있다.",,,,,,,
자연과학대학,,수학과,15809,1,수학적기초이해,2,"나는 집합과 연산, 관계와 사상, 수학적 귀납법, 선형대수학의 기본 내용과 정수론의 기초적인 내용을 통해 문제를 풀이할 수 있다.",,,,,,,
자연과학대학,,수학과,15809,1,수학적기초이해,3,"나는 유클리드 기하와, 비유클리드기하의 이해를 통해 현대기하학의 기초적인 개념을 설명할 수 있다.",,,,,,,
자연과학대학,,수학과,15809,2,수학적문제해결,1,나는 다변수함수 및 벡터함수의 미적분학의 연구를 통해 문제해결을 할 수 있다.,,,,,,,
자연과학대학,,수학과,15809,2,수학적문제해결,2,"나는 군의 개념과 환의 개념, 위상공간에 대한 개념을 설명하고 관련된 문제 풀이를 할 수 있다.",,,,,,,
자연과학대학,,수학과,15809,2,수학적문제해결,3,나는 나는 3차원 유클리드 공간에 놓여있는 곡선과 곡면의 다양한 기하학적 성질을 설명할 수 있다.,,,,,,,
자연과학대학,,수학과,15809,3,수학적데이터응용,1,나는 빅데이터 분석을 위한 확률에 여러 가지 정의와 통계학의 기초개념들을 설명할 수 있다.,,,,,,,
자연과학대학,,수학과,15809,3,수학적데이터응용,2,나는 데이터 분석을 위해 컴퓨터 프로그램을 이용하여 수치해석의 계산을 풀이할 수 있다.,,,,,,,
자연과학대학,,수학과,15809,3,수학적데이터응용,3,"나는 확률과 통계학의 추론으로 금융, 보험계리등에서 계산되는 수학적인 내용을 분석할 수 있다.",,,,,,,
자연과학대학,,수학과,15809,4,수학교육,1,나는 교육과정 요구 분석에 의거하여 교수계획을 설계할 수 있다.,,,,,,,
자연과학대학,,수학과,15809,4,수학교육,2,나는 교육계획을 바탕으로 교육과정의 운영 계획 수립할 수 있다. ,,,,,,,
자연과학대학,,수학과,15809,4,수학교육,3,"나는 교육 준비, 진행, 결과보고 활동을 수행할 수 있다.",,,,,,,
,융합전공,제약바이오,19034,1,직업윤리,1,"나는 직업윤리의 주요 원칙(예: 정직, 책임감, 공정성)에 대해 설명하고, 이러한 원칙이 왜 중요한지 서술할 수 있다.",,,,,,,
,융합전공,제약바이오,19034,1,직업윤리,2,나는 직장에서 직업윤리를 적용한 사례를 들어 볼 수 있다.,,,,,,,
,융합전공,제약바이오,19034,1,직업윤리,3,나는 전공 분야에서 직업윤리를 어떻게 활용할 수 있는지 구체적인 방법을 제시할 수 있다.,,,,,,,
,융합전공,제약바이오,19034,2,자원관리능력,1,"나는 자원관리능력이란 무엇인지 정의하고, 이 능력이 왜 전공 분야에서 중요한지 설명할 수 있다.",,,,,,,
,융합전공,제약바이오,19034,2,자원관리능력,2,나는 자원관리능력을 실제 상황에서 어떻게 적용했는지 구체적인 사례를 통해 설명할 수 있다.,,,,,,,
,융합전공,제약바이오,19034,2,자원관리능력,3,"나는 앞으로의 직무에서 자원관리능력을 어떻게 활용할 계획인지, 구체적인 방법이나 전략을 제시할 수 있다.",,,,,,,
,융합전공,제약바이오,19034,3,의사소통능력,1,"나는 의사소통능력이란 무엇이며, 전공 분야에서 이 능력이 왜 중요한 역할을 하는지 설명할 수 있다.",,,,,,,
,융합전공,제약바이오,19034,3,의사소통능력,2,나는 최근에 팀 프로젝트나 그룹 활동에서 의사소통능력을 어떻게 적용했는지 구체적인 사례를 설명해 주실 수 있다.,,,,,,,
,융합전공,제약바이오,19034,3,의사소통능력,3,"나는 앞으로의 경력에서 의사소통능력을 어떻게 활용할 계획인지, 구체적인 전략이나 방법을 제시할 수 있다.",,,,,,,
,융합전공,제약바이오,19034,4,대인관계능력,1,"나는 대인관계능력이란 무엇인지 정의하고, 전공 분야에서 이 능력이 왜 중요한지 설명할 수 있다.",,,,,,,
,융합전공,제약바이오,19034,4,대인관계능력,2,"나는 대인관계능력을 실제 상황에서 어떻게 적용했는지, 구체적인 사례를 들어 설명해 주실 수 있다.",,,,,,,
,융합전공,제약바이오,19034,4,대인관계능력,3,"나는 앞으로의 경력에서 대인관계능력을 어떻게 활용할 계획인지, 구체적인 방법이나 전략을 제시할 수 있다.",,,,,,,
,융합전공,제약바이오,19034,5,자기개발능력,1,나는 현재 나의 전공 분야에서 요구되는 역량과 기술을 충분히 이해하고 있다.,,,,,,,
,융합전공,제약바이오,19034,5,자기개발능력,2,나는 변화하는 환경이나 상황에서 나의 역할에 맞게 행동 방식을 조정할 수 있다.,,,,,,,
,융합전공,제약바이오,19034,5,자기개발능력,3,나는 새로 배운 지식을 나의 진로개발에 효과적으로 적용할 수 있다.,,,,,,,
,융합전공,제약바이오,19034,6,문제해결능력,1,나는 문제 해결에 필요한 정보를 수집하고 분석하는 자신의 전략을 갖고 있다.,,,,,,,
,융합전공,제약바이오,19034,6,문제해결능력,2,나는 여러 대안 중에서 가장 적절한 해결책을 유연하게 선택하고 조정할 수 있다.,,,,,,,
,융합전공,제약바이오,19034,6,문제해결능력,3,"나는 문제를 해결한 후, 그 결과를 평가하고 더 나은 방법을 찾아낼 수 있다.",,,,,,,
,융합전공,제약바이오,19034,7,정보능력,1,"나는 업무와 관련된 정보의 특성을 파악하고, 정보의 수집, 분석, 관리, 활용 과정을 이해할 수 있다.",,,,,,,
,융합전공,제약바이오,19034,7,정보능력,2,"나는 컴퓨터와 소프트웨어를 활용하여 업무 관련 정보를 수집, 분석, 조직, 관리할 수 있다. ",,,,,,,
,융합전공,제약바이오,19034,7,정보능력,3,"나는 분석된 정보를 바탕으로 의미 있는 정보를 추출하고, 이를 업무 수행에 적절히 활용할 수 있다. ",,,,,,,
,융합전공,제약바이오,19034,8,수리능력,1,나는 직장생활에서 요구되는 사칙연산과 기초 통계의 개념을 이해할 수 있다. ,,,,,,,
,융합전공,제약바이오,19034,8,수리능력,2,"나는 업무 상황에서 필요한 계산을 수행하고, 도표나 그래프를 해석할 수 있다. ",,,,,,,
,융합전공,제약바이오,19034,8,수리능력,3,나는 수리적 분석을 통해 합리적인 의사결정을 위한 객관적 판단 근거를 제시할 수 있다. ,,,,,,,
,융합전공,제약바이오,19034,9,기술능력,1,나는 업무 수행에 필요한 기술의 특성과 원리를 이해할 수 있다. ,,,,,,,
,융합전공,제약바이오,19034,9,기술능력,2,나는 주어진 상황에 적합한 기술을 선택하고 적용할 수 있다.,,,,,,,
,융합전공,제약바이오,19034,9,기술능력,3,나는 선택한 기술을 실제 업무 현장에 효과적으로 적용하여 문제를 해결할 수 있다. ,,,,,,,
,융합전공,제약바이오,19034,10,조직이해능력,1,"나는 조직의 체제, 경영 방식, 업무 프로세스를 이해할 수 있다. ",,,,,,,
,융합전공,제약바이오,19034,10,조직이해능력,2,나는 조직의 목표와 전략을 파악하고 이에 맞춰 자신의 역할을 수행할 수 있다. ,,,,,,,
,융합전공,제약바이오,19034,10,조직이해능력,3,나는 조직 내 다양한 부서의 기능을 이해하고 협력하여 조직의 성과를 높이는 데 기여할 수 있다. ,,,,,,,
,융합전공,융합예술학융합전공,19036,1,문화콘텐츠 제작 기술,1,나는 문화와 미학의 흐름을 파악할 수 있다.,,,,,,,
,융합전공,융합예술학융합전공,19036,1,문화콘텐츠 제작 기술,2,나는 문화와 미학 이론에 기초하여 문화콘텐츠를 기획할 수 있다.,,,,,,,
,융합전공,융합예술학융합전공,19036,1,문화콘텐츠 제작 기술,3,나는 문화와 미학 이론에 기초하여 문화콘텐츠를 제작할 수 있다.,,,,,,,
,융합전공,융합예술학융합전공,19036,2,문화예술평론,1,"나는 영화, 음악, 공간디자인과 관련된 미학 이론을 이해할 수 있다.",,,,,,,
,융합전공,융합예술학융합전공,19036,2,문화예술평론,2,"나는 미학 이론을 적용하여 영화, 음악, 공간디자인과 관련된 문화, 예술 현상을 이해할 수 있다.",,,,,,,
,융합전공,융합예술학융합전공,19036,2,문화예술평론,3,"나는 미학 이론에 기초하여 영화, 음악, 공간디자인과 관련된 문화, 예술 현상을 논평할 수 있다.",,,,,,,
,융합전공,융합예술학융합전공,19036,3,큐레이팅,1,"나는 음악, 공간디자인의 예술적 가치를 평가할 미학 이론을 이해할 수 있다.",,,,,,,
,융합전공,융합예술학융합전공,19036,3,큐레이팅,2,"나는 미학이론을 적용하여 음악, 공간디자인의 예술적 가치를 분석할 수 있다.",,,,,,,
,융합전공,융합예술학융합전공,19036,3,큐레이팅,3,"나는 미학이론에 기초하여 음악, 공간디자인의 예술적 가치를 해설할 수 있다.",,,,,,,
,융합전공,융합예술학융합전공,19036,4,영화 및 영상음악 제작 기술,1,나는 영화 및 영상음악에 적용될 미학이론을 이해할 수 있다.,,,,,,,
,융합전공,융합예술학융합전공,19036,4,영화 및 영상음악 제작 기술,2,나는 미학이론을 적용하여 영화 및 영상음악을 분석할 수 있다.,,,,,,,
,융합전공,융합예술학융합전공,19036,4,영화 및 영상음악 제작 기술,3,나는 미학적으로 영화와 영상음악을 제작할 수 있다.,,,,,,,
건축대학,공간디자인학과,공간디자인학과,18040,1,문서표현및컴퓨터표현능력,1,"나는 건축설계에 대한 이해를 기초로 시각커뮤니케이션(문서, 스케치, 도면, 모형 등)에 대하여 설명할 수 있다.",,,,,,,
건축대학,공간디자인학과,공간디자인학과,18040,1,문서표현및컴퓨터표현능력,2,"나는 건축설계에 대한 이해를 기초로 상황과 소통 상대에 따라 구두 또는 시각커뮤니케이션(문서, 스케치, 도면, 모형 등)등을 적절하게 활용할 수 있다.",,,,,,,
건축대학,공간디자인학과,공간디자인학과,18040,1,문서표현및컴퓨터표현능력,3,"나는 WBS 및 Calandar, Network 공정표 작성, Resource 입력, Report 출력 등을 통해 MS 프로젝트를 수행할 수 있다.",,,,,,,
건축대학,공간디자인학과,공간디자인학과,18040,2,건축과학기술및예술,1,나는 한국의 건축 및 문화예술에 대한 이해를 바탕으로 관련 기술을 설명할 수 있다.,,,,,,,
건축대학,공간디자인학과,공간디자인학과,18040,2,건축과학기술및예술,2,나는 서양의 건축 및 문화예술에 대한 이해를 바탕으로 관련 기술을 설명할 수 있다.,,,,,,,
건축대학,공간디자인학과,공간디자인학과,18040,2,건축과학기술및예술,3,나는 근현대 건축 및 문화예술에 대한 이해를 바탕으로 관련 기술을 설명할 수 있다.,,,,,,,
건축대학,공간디자인학과,공간디자인학과,18040,3,세계사/한국건축사와전통,1,나는 건축역사와 문화의 다양성에 대한 이해를 바탕으로 한·중·일 건축의 조형성을 설명할 수 있다.,,,,,,,
건축대학,공간디자인학과,공간디자인학과,18040,3,세계사/한국건축사와전통,2,나는 우리나라 건축의 사상과 전통에 대한 이해를 기반으로 근대 한국건축의 형성과정과 건축특성을 설명할 수 있다.,,,,,,,
건축대학,공간디자인학과,공간디자인학과,18040,3,세계사/한국건축사와전통,3,나는 근현대 건축역사와 문화의 다양성에 대한 이해를 바탕으로 자신의 설계 프로젝트에 적용할 수 있다.,,,,,,,
건축대학,공간디자인학과,공간디자인학과,18040,4,도시공간과행태,1,나는 이용자 및 공간 이용행태 특성에 맞는 공간 구성 및 설계를 계획할 수 있다.,,,,,,,
건축대학,공간디자인학과,공간디자인학과,18040,4,도시공간과행태,2,나는 서구 및 한국의 주거 계획과 주요 변화 여건을 주제로 절차에 의거한 분석을 수행할 수 있다.,,,,,,,
건축대학,공간디자인학과,공간디자인학과,18040,4,도시공간과행태,3,나는 도시 주거 환경의 지속가능성 개념을 기초로 주거지를 답사하고 분석 보고서를 작성할 수 있다.,,,,,,,
건축대학,공간디자인학과,공간디자인학과,18040,5,형태및프로그램작성,1,"나는 공간 특성에 대한 이해를 바탕으로 인간, 문화, 자연, 미래와 공간 디자인의 상호관계를 설명할 수 있다.",,,,,,,
건축대학,공간디자인학과,공간디자인학과,18040,5,형태및프로그램작성,2,나는 디자인 원리를 기초로 구성방식을 계획하여 프로젝트를 설계 할 수 있다.,,,,,,,
건축대학,공간디자인학과,공간디자인학과,18040,5,형태및프로그램작성,3,나는 합리적인 조사 및 분석을 바탕으로 설계 및 건축문제에 대한 적정한 대안을 제시할 수 있다.,,,,,,,
건축대학,공간디자인학과,공간디자인학과,18040,6,구조의이해,1,"나는 건축의 구조와 디자인, 트러스의 구조디자인을 이해하고 설명할 수 있다.",,,,,,,
건축대학,공간디자인학과,공간디자인학과,18040,6,구조의이해,2,"나는 철근 콘크리트, 강구조, 초고층건물, 대공간 구조 시스템을 이해하고 기초 설계를 수행할 수 있다.",,,,,,,
건축대학,공간디자인학과,공간디자인학과,18040,6,구조의이해,3,나는 구조의 기초이론과 역학원리를 바탕으로 구조시스템을 적용한 도면을 작성하고 모형을 제작할 수 있다.,,,,,,,
건축대학,공간디자인학과,공간디자인학과,18040,7,실내건축통합설계,1,나는 건축시스템 요소 및 원리를 반영한 설계안을 작성할 수 있다.,,,,,,,
건축대학,공간디자인학과,공간디자인학과,18040,7,실내건축통합설계,2,나는 공간 계획 및 배치 등의 설계 개념을 기반으로 대지조성과 외부공간 계획 등의 대지 계획을 수행할 수 있다.,,,,,,,
건축대학,공간디자인학과,공간디자인학과,18040,7,실내건축통합설계,3,나는 프로젝트에서 요구하는 도면을 포함한 종합적인 설계 전 과정을 창의적으로 수행할 수 있다.,,,,,,,
건축대학,공간디자인학과,공간디자인학과,18040,8,건축공간디자인실무설계,1,나는 무장애 설계 개념의 기초를 이해하고 기준에 의거한 도면 또는 모형을 설계할 수 있다.,,,,,,,
건축대학,공간디자인학과,공간디자인학과,18040,8,건축공간디자인실무설계,2,나는 건축 리모델링의 개념 이해를 바탕으로 기초적 설계에 기반한 대안을 제시할 수 있다.,,,,,,,
건축대학,공간디자인학과,공간디자인학과,18040,8,건축공간디자인실무설계,3,"나는 건축물의 구조적 안전, 피난, 방화, 설비 등의 기준을 이해하고 관련 설계 프로젝트를 수행할 수 있다.",,,,,,,
건축대학,공간디자인학과,공간디자인학과,18040,9,물질및빛탐구,1,"나는 외부환경이 실내에 미치는 영향을 이해하고 열, 빛, 공기, 에너지 관리 등을 포함한 환경시스템을 설명할 수 있다.",,,,,,,
건축대학,공간디자인학과,공간디자인학과,18040,9,물질및빛탐구,2,"나는 자재의 성능 요건, 다양한 재료의 특성, 공법 변화에 따른 자재변화, 우해재료의 사례와 위험성을 이해하고 설명할 수 있다.",,,,,,,
건축대학,공간디자인학과,공간디자인학과,18040,9,물질및빛탐구,3,나는 환경시스템에 대한 원리 및 분석을 적용하여 기초적인 건축설계를 수행할 수 있다.,,,,,,,
건축대학,공간디자인학과,공간디자인학과,18040,10,실무와수행,1,나는 자재선정의 검토사항을 기반으로 시공 절차의 전 과정을 설명할 수 있다.,,,,,,,
건축대학,공간디자인학과,공간디자인학과,18040,10,실무와수행,2,나는 건축설계에 대한 이해를 바탕으로 건축사 사무소의 구성원을 조직하고 사업전략을 기획할 수 있다.,,,,,,,
건축대학,공간디자인학과,공간디자인학과,18040,10,실무와수행,3,"나는 공공의 안전, 재산권 및 설계, 감리, 시공 등의 실무에 관련된 건축법의 개념과 범위를 이해하고 설명할 수 있다.",,,,,,,
반도체·ICT대학,반도체공학부,반도체공학부,15640,1,반도체산업이행,1,"나는 반도체산업분야의 설계, 소자공정, 제조기술, 장비부품, 테스트패키징의 산업구조를 설명할 수 있다.",,,,,,,
반도체·ICT대학,반도체공학부,반도체공학부,15640,1,반도체산업이행,2,"나는 반도체 소부장 분야인 공정, 장비, 부품, 소재, 테스트, 패키징 중 하나 이상의 분야의 특징에 대해 기술적으로 설명할 수 있다.",,,,,,,
반도체·ICT대학,반도체공학부,반도체공학부,15640,1,반도체산업이행,3,"나는 반도체 소부장 분야인 공정, 장비, 부품, 소재, 테스트, 패키징 중 하나 이상의 분야에서 문제해결과 개선을 위한 방안을 도출할 수 있다.",,,,,,,
반도체·ICT대학,반도체공학부,반도체공학부,15640,2,기초과학이해,1,"나는 수학, 물리, 화학, 컴퓨터 분야 기초과학적 지식이 반도체 산업과의 연관성에 대해 설명할 수 있다.",,,,,,,
반도체·ICT대학,반도체공학부,반도체공학부,15640,2,기초과학이해,2,나는 기초과학적 지식을 활용해서 반도체 소부장 분야의 기술개발에서 요구되는 개선방안을 도출할 수 있다.,,,,,,,
반도체·ICT대학,반도체공학부,반도체공학부,15640,2,기초과학이해,3,나는 기초과학적 사고를 바탕으로 발생한 문제의 원리를 이해하고 문제를 해결할 수 있다.,,,,,,,
반도체·ICT대학,반도체공학부,반도체공학부,15640,3,요소기술이해,1,"나는 반도체 전공정 또는 후공정에서 필요한 요소기술 3가지 이상을 나열하고, 나열한 요소기술의 역할을 설명할 수 있다.",,,,,,,
반도체·ICT대학,반도체공학부,반도체공학부,15640,3,요소기술이해,2,나는 반도체 전공정 또는 후공정에서 필요한 요소기술을 2가지 이상 활용할 수 있다.,,,,,,,
반도체·ICT대학,반도체공학부,반도체공학부,15640,3,요소기술이해,3,나는 반도체 전공정 또는 후공정에서 요구되느 요소기술을 활용해서 프로젝트를 수행할 수 있다.,,,,,,,
반도체·ICT대학,반도체공학부,반도체공학부,15640,4,문제해결,1,나는 개선이 요구되어 제기되는 문제점에 대해 문제를 인식하고 문제를 설명할 수 있다. ,,,,,,,
반도체·ICT대학,반도체공학부,반도체공학부,15640,4,문제해결,2,나는 개선이 요구되어 제기되는 문제점을 공학적으로 설명하고 문제 해결방안을 도출할 수 있다.,,,,,,,
반도체·ICT대학,반도체공학부,반도체공학부,15640,4,문제해결,3,나는 주어진 주제에 대해 공학적인 방법으로 프로젝트를 통해 문제를 개선할 수 있다.,,,,,,,
반도체·ICT대학,반도체공학부,반도체공학부,15640,5,의사소통,1,나는 팀을 이루어서 해결해야 하는 문제에 대해 팀원간 소통을 하면서 팀원으로서 역할을 수행할 수 있다.,,,,,,,
반도체·ICT대학,반도체공학부,반도체공학부,15640,5,의사소통,2,나는 팀을 이루어서 해결해야 하는 문제에 대해 팀원간 소통을 하면서 팀 리더으로서 역할을 수행할 수 있다.,,,,,,,
반도체·ICT대학,반도체공학부,반도체공학부,15640,5,의사소통,3,나는 팀을 이루어서 해결해야 하는 문제 해결의 결과를 발표를 통해 다른 사람과 의사소통을 할 수 있다.,,,,,,,
반도체·ICT대학,반도체공학부,반도체공학부,15640,6,기후변화대응,1,나는 반도체 제조분야에서 발생하는 탄소중립 기후변화대응의 필요성에 대해 인식하고 있다.,,,,,,,
반도체·ICT대학,반도체공학부,반도체공학부,15640,6,기후변화대응,2,나는 반도체 제조분야에서 발생하는 탄소중립 기후변화대응에 필요한 기술에 대해 설명할 수 있다.,,,,,,,
반도체·ICT대학,반도체공학부,반도체공학부,15640,6,기후변화대응,3,나는 반도체 인프라환경 기술에 대한 이해를 바탕으로 반도체 클린룸 인프라에 적용가능한 기술을 설명할 수 있다.,,,,,,,